target,wave,N,label_n,trials,method,truth,bias,rmse,coverage95,mean_ci_width,variance_gain,uncorrected_bias
c1120,73,220,55,1000,human_only,4.285909090909091,-0.0019509090909100024,0.7495085045195334,0.891,2.8314376017006446,1.0,0.0
c1120,73,220,55,1000,last_observation,4.285909090909091,-0.01770727272727335,0.5044511197642493,0.964,1.9838206871393085,2.2102808183635387,0.0018181818181810527
c1120,73,220,55,1000,history3,4.285909090909091,-0.016770909090908503,0.3847720523003262,0.957,1.5629125115718272,3.8016226129734445,0.023181818181818414
c1120,73,220,55,1000,hist_gradient_boosting,4.285909090909091,-0.013019013663607915,0.38642115245796804,0.913,1.5300701100756864,3.766358473619865,-0.24623558226734055
c1120,73,220,55,1000,deepseek_demo,4.285909090909091,-0.001776363636363243,0.7466823237240744,0.891,2.8388252567383825,1.0075831705328828,-1.3268181818181821
c1120,73,220,55,1000,deepseek_history,4.285909090909091,-0.023672727272726846,0.43771573854340107,0.967,1.7489857999282867,2.940613832190274,0.18727272727272748
c1120,73,220,55,1000,deepseek_shuffled_history,4.285909090909091,0.026307272727272846,0.9597483244481294,0.955,3.7797597391261726,0.6103260237696696,0.18318181818181856
c1120,73,220,110,1000,human_only,4.285909090909091,-0.0019663636363631554,0.44534664370336424,0.9,1.705721737588125,1.0,0.0
c1120,73,220,110,1000,last_observation,4.285909090909091,0.011903636363635783,0.30868200492624975,0.925,1.1638553953925868,2.0845465152384626,0.0018181818181810527
c1120,73,220,110,1000,history3,4.285909090909091,0.0014509090909093914,0.2253946181351665,0.942,0.9179550174862645,3.9040809407933486,0.023181818181818414
c1120,73,220,110,1000,hist_gradient_boosting,4.285909090909091,0.0034373245820207288,0.22733781361901892,0.921,0.9144469027892941,3.838343506494606,-0.24623558226734055
c1120,73,220,110,1000,deepseek_demo,4.285909090909091,-0.002372727272727637,0.4453901252120029,0.901,1.710263141929716,0.9998136414859308,-1.3268181818181821
c1120,73,220,110,1000,deepseek_history,4.285909090909091,0.007411818181818575,0.26446777209962435,0.94,1.0256158899954881,2.83781203574557,0.18727272727272748
c1120,73,220,110,1000,deepseek_shuffled_history,4.285909090909091,0.012348181818182091,0.5701933556346631,0.946,2.2285701474352053,0.6103055546848912,0.18318181818181856
c1120,75,220,55,1000,human_only,5.71,-0.003269090909090444,1.0150924690200185,0.902,3.7979938703635288,1.0,0.0
c1120,75,220,55,1000,last_observation,5.71,0.0008527272727283375,0.6662191087220827,0.94,2.546544066723595,2.3215243777637147,-1.1986363636363633
c1120,75,220,55,1000,history3,5.71,0.01134181818181812,0.6419915359499727,0.921,2.4654737938167846,2.5008271237032207,-1.585909090909091
c1120,75,220,55,1000,hist_gradient_boosting,5.71,0.0013556468748214812,0.6560957322104842,0.915,2.5396581039787725,2.3937243399246295,-1.771837249895019
c1120,75,220,55,1000,deepseek_demo,5.71,-0.005765454545454851,1.0066342955406782,0.903,3.7781122635779463,1.0168982709144558,-2.7359090909090913
c1120,75,220,55,1000,deepseek_history,5.71,-0.0005290909090911455,0.6551318560109336,0.919,2.518873225527787,2.4007644698631316,-1.335909090909091
c1120,75,220,55,1000,deepseek_shuffled_history,5.71,-0.0001763636363643073,1.1633460674826184,0.935,4.415934867562875,0.7613579114240985,-1.3604545454545454
c1120,75,220,110,1000,human_only,5.71,-0.0231390909090905,0.580133123081132,0.919,2.200958362764816,1.0,0.0
c1120,75,220,110,1000,last_observation,5.71,-0.011747272727272495,0.3721926653835205,0.941,1.479046130064566,2.428069398978861,-1.1986363636363633
c1120,75,220,110,1000,history3,5.71,-0.012650909090909046,0.36307514874522,0.941,1.4212565153351977,2.552104240613286,-1.585909090909091
c1120,75,220,110,1000,hist_gradient_boosting,5.71,-0.013250530650857684,0.3742647728012453,0.934,1.4638102177809151,2.4018764908280374,-1.771837249895019
c1120,75,220,110,1000,deepseek_demo,5.71,-0.024149090909090454,0.576949786548489,0.921,2.1875321605989937,1.011228653263043,-2.7359090909090913
c1120,75,220,110,1000,deepseek_history,5.71,-0.008778181818181352,0.3656663723502184,0.942,1.4504224971833084,2.5144567426969147,-1.335909090909091
c1120,75,220,110,1000,deepseek_shuffled_history,5.71,-0.03458818181818124,0.6486519409482004,0.947,2.537396105741177,0.8008976802213388,-1.3604545454545454
c1120,78,220,55,1000,human_only,5.419090909090909,-0.01992909090909034,1.1479831772315356,0.898,4.463679354912254,1.0,0.0
c1120,78,220,55,1000,last_observation,5.419090909090909,-0.019838181818181866,0.8198884040168652,0.961,3.325195356987605,1.9610333980560564,0.3804545454545458
c1120,78,220,55,1000,history3,5.419090909090909,-0.011874545454545249,0.7867450929763172,0.925,3.0146343615480973,2.1289771691373383,0.47772727272727344
c1120,78,220,55,1000,hist_gradient_boosting,5.419090909090909,-0.032072496240439285,0.7873262881198402,0.918,3.0779350682107034,2.128883587442686,-0.2610211472032553
c1120,78,220,55,1000,deepseek_demo,5.419090909090909,-0.01913454545454485,1.1429954722512143,0.895,4.4563506105267905,1.0087251570042752,-2.375909090909091
c1120,78,220,55,1000,deepseek_history,5.419090909090909,-0.0315872727272728,0.8253468952632349,0.95,3.276968117529232,1.9368843087270602,0.2995454545454539
c1120,78,220,55,1000,deepseek_shuffled_history,5.419090909090909,-0.04191090909090889,1.3652611374948453,0.924,5.243273495133245,0.707486484236387,0.18772727272727252
c1120,78,220,110,1000,human_only,5.419090909090909,-0.012084545454545292,0.6702903090058124,0.918,2.6080884561709445,1.0,0.0
c1120,78,220,110,1000,last_observation,5.419090909090909,0.005685454545454327,0.4943332382241995,0.945,1.9281634219194526,1.8382413111512956,0.3804545454545458
c1120,78,220,110,1000,history3,5.419090909090909,-0.004011818181817617,0.45642360163803036,0.917,1.7636321381873772,2.156165349402317,0.47772727272727344
c1120,78,220,110,1000,hist_gradient_boosting,5.419090909090909,-0.0015555385877528138,0.45564416286424253,0.929,1.7973731563202953,2.1634065248958416,-0.2610211472032553
c1120,78,220,110,1000,deepseek_demo,5.419090909090909,-0.011327272727273296,0.6699250469978275,0.921,2.60302691774501,1.0010515507926603,-2.375909090909091
c1120,78,220,110,1000,deepseek_history,5.419090909090909,0.007438181818181455,0.4863073544325714,0.936,1.9083650370645822,1.8996108133556764,0.2995454545454539
c1120,78,220,110,1000,deepseek_shuffled_history,5.419090909090909,-0.004859999999999864,0.7496392520836024,0.945,3.0281156364175286,0.7992788337743438,0.18772727272727252
c1220,73,220,55,1000,human_only,3.8836363636363633,-0.018307272727272395,0.6563978862884667,0.92,2.554974032591308,1.0,0.0
c1220,73,220,55,1000,last_observation,3.8836363636363633,0.06092727272727272,0.7656857823907741,0.818,2.6359298034975227,0.7390159274336945,0.16545454545454552
c1220,73,220,55,1000,history3,3.8836363636363633,-0.008354545454544837,0.3898165747931597,0.95,1.4857435451056917,2.8344925194220916,-0.07954545454545414
c1220,73,220,55,1000,hist_gradient_boosting,3.8836363636363633,-0.000634035033592717,0.35201838199747265,0.95,1.3994243231804617,3.4742983579706173,-0.29875350360813746
c1220,73,220,55,1000,deepseek_demo,3.8836363636363633,-0.021085454545454407,0.6600560432003401,0.92,2.5558101259678008,0.9891864955397608,-1.6581818181818178
c1220,73,220,55,1000,deepseek_history,3.8836363636363633,-0.001712727272726866,0.43658805024855485,0.941,1.6811332822420435,2.258704315708253,0.039545454545454994
c1220,73,220,55,1000,deepseek_shuffled_history,3.8836363636363633,-0.04210727272727244,0.8632660564956326,0.948,3.3978975286720146,0.5790839758131566,-0.09727272727272718
c1220,73,220,110,1000,human_only,3.8836363636363633,-0.026399999999999757,0.3819685742774361,0.933,1.4869715331002287,1.0,0.0
c1220,73,220,110,1000,last_observation,3.8836363636363633,-0.03792181818181817,0.46882114336152747,0.84,1.7576527146620822,0.6649854531672429,0.16545454545454552
c1220,73,220,110,1000,history3,3.8836363636363633,-0.004380909090908158,0.2276645712990789,0.933,0.8780255383356567,2.802500014957177,-0.07954545454545414
c1220,73,220,110,1000,hist_gradient_boosting,3.8836363636363633,-0.009142511923805774,0.21021503911341438,0.946,0.8069272591579809,3.2920798374726314,-0.29875350360813746
c1220,73,220,110,1000,deepseek_demo,3.8836363636363633,-0.024977272727272126,0.3815418469732193,0.936,1.486634265946218,1.0017434587395568,-1.6581818181818178
c1220,73,220,110,1000,deepseek_history,3.8836363636363633,-0.015598181818181622,0.2638871127290281,0.93,1.0068360517656194,2.0924705957421503,0.039545454545454994
c1220,73,220,110,1000,deepseek_shuffled_history,3.8836363636363633,-0.015299999999999425,0.49072850382142047,0.952,1.9586834961766963,0.6035531038629395,-0.09727272727272718
c1220,75,220,55,1000,human_only,4.682272727272727,-0.0609418181818171,1.0148652094679518,0.856,3.5405263456371703,1.0,0.0
c1220,75,220,55,1000,last_observation,4.682272727272727,-0.05642363636363612,0.955819560066103,0.923,3.2537280088918314,1.127228846038825,-0.5527272727272718
c1220,75,220,55,1000,history3,4.682272727272727,-0.04827090909090703,0.9284120683161335,0.931,3.1536724694180593,1.1938284542067918,-0.5968181818181808
c1220,75,220,55,1000,hist_gradient_boosting,4.682272727272727,-0.053919826525513415,0.845177322949048,0.818,2.7581475086847895,1.4425252271834057,-0.9666202345091537
c1220,75,220,55,1000,deepseek_demo,4.682272727272727,-0.06091818181818098,1.013630302468629,0.854,3.5230228125830947,1.0024441111087408,-2.462272727272727
c1220,75,220,55,1000,deepseek_history,4.682272727272727,-0.05435636363636309,0.8681640426547724,0.854,2.9067434101417007,1.3669420709336184,-0.7877272727272722
c1220,75,220,55,1000,deepseek_shuffled_history,4.682272727272727,-0.06510909090909056,1.2095601529632016,0.935,4.338191476517444,0.703482246495317,-0.7868181818181812
c1220,75,220,110,1000,human_only,4.682272727272727,0.012243636363636234,0.5882379121769644,0.889,2.2461042435450103,1.0,0.0
c1220,75,220,110,1000,last_observation,4.682272727272727,0.0282372727272735,0.554666889088613,0.908,2.0989234130002488,1.127146493150157,-0.5527272727272718
c1220,75,220,110,1000,history3,4.682272727272727,0.023174545454546447,0.551119647731509,0.892,2.0608094788432054,1.140760944607497,-0.5968181818181808
c1220,75,220,110,1000,hist_gradient_boosting,4.682272727272727,0.02313323466412065,0.4993816283774077,0.817,1.845224455218372,1.3899067435798316,-0.9666202345091537
c1220,75,220,110,1000,deepseek_demo,4.682272727272727,0.012757272727274227,0.5861264552019498,0.887,2.2386714302068422,1.0072585780050471,-2.462272727272727
c1220,75,220,110,1000,deepseek_history,4.682272727272727,0.022463636363636574,0.5118635084079246,0.853,1.9072255107515015,1.322655509620877,-0.7877272727272722
c1220,75,220,110,1000,deepseek_shuffled_history,4.682272727272727,0.02378818181818243,0.6865392887820204,0.937,2.6614780495143187,0.7346978385691642,-0.7868181818181812
c1220,78,220,55,1000,human_only,5.204545454545454,0.0797800000000004,1.3318997679013,0.895,5.182220150841155,1.0,0.0
c1220,78,220,55,1000,last_observation,5.204545454545454,0.03889636363636395,1.1771854190159685,0.968,4.336269298480342,1.2769289103928838,-0.18318181818181767
c1220,78,220,55,1000,history3,5.204545454545454,0.004229090909091404,0.8129456001236065,0.873,2.999552322053475,2.67467393881709,-0.5754545454545452
c1220,78,220,55,1000,hist_gradient_boosting,5.204545454545454,0.026760266484363804,0.8676051686604114,0.876,3.2760692706941277,2.3504507760693345,-0.8463207799924923
c1220,78,220,55,1000,deepseek_demo,5.204545454545454,0.08044000000000029,1.3318698246270415,0.899,5.175120786617296,1.000104960103508,-2.9299999999999997
c1220,78,220,55,1000,deepseek_history,5.204545454545454,0.02777272727272795,0.9705895149915695,0.863,3.6882032373185094,1.8778746867966447,-0.6499999999999995
c1220,78,220,55,1000,deepseek_shuffled_history,5.204545454545454,0.07645818181818242,1.401936035607147,0.94,5.533114751133424,0.902026572453583,-0.584545454545454
c1220,78,220,110,1000,human_only,5.204545454545454,-0.0346781818181805,0.7704555902379615,0.913,3.0328261749429957,1.0,0.0
c1220,78,220,110,1000,last_observation,5.204545454545454,-0.058994545454544856,0.7015264549125347,0.936,2.696284404778096,1.2122957470270548,-0.18318181818181767
c1220,78,220,110,1000,history3,5.204545454545454,-0.0193772727272723,0.4628023309369359,0.874,1.8251260673084688,2.7706739757131436,-0.5754545454545452
c1220,78,220,110,1000,hist_gradient_boosting,5.204545454545454,-0.027482902913629204,0.4973798729312981,0.887,1.970678037863805,2.401961684005645,-0.8463207799924923
c1220,78,220,110,1000,deepseek_demo,5.204545454545454,-0.03439727272727211,0.7692904947347629,0.914,3.028612295095279,1.00300452611922,-2.9299999999999997
c1220,78,220,110,1000,deepseek_history,5.204545454545454,-0.02911272727272607,0.5522995369474762,0.898,2.1932359397246235,1.947482295241659,-0.6499999999999995
c1220,78,220,110,1000,deepseek_shuffled_history,5.204545454545454,-0.015130000000000088,0.8165451736806464,0.924,3.2136130134474596,0.8887982572267101,-0.584545454545454
c3110,73,220,55,1000,human_only,0.35909090909090907,-0.000618181818181851,0.054023257923733324,0.947,0.22503251182478476,1.0,0.0
c3110,73,220,55,1000,last_observation,0.35909090909090907,-0.0020363636363636695,0.04416348291451317,0.953,0.18200851434688053,1.49934776582619,-0.009090909090909094
c3110,73,220,55,1000,history3,0.35909090909090907,-0.0018909090909089987,0.04022046680998648,0.948,0.16272786188661714,1.8078876290171544,0.004545454545454575
c3110,73,220,55,1000,hist_gradient_boosting,0.35909090909090907,-0.0024363636363636254,0.03975960822594952,0.938,0.15903786747756446,1.8529098387840235,-0.009090909090909094
c3110,73,220,55,1000,deepseek_demo,0.35909090909090907,-0.0008000000000000229,0.05458634830694945,0.956,0.22816458454444896,0.9795573776094805,-0.35
c3110,73,220,55,1000,deepseek_history,0.35909090909090907,-0.0021272727272727,0.044275620588676075,0.951,0.18266976320795827,1.4920351550146707,-0.06818181818181818
c3110,73,220,55,1000,deepseek_shuffled_history,0.35909090909090907,-0.0031818181818181746,0.071197548476692,0.96,0.2878328898584995,0.5768233477909286,-0.09545454545454546
c3110,73,220,110,1000,human_only,0.35909090909090907,0.0004545454545454297,0.030734802735230854,0.963,0.12854323331881054,1.0,0.0
c3110,73,220,110,1000,last_observation,0.35909090909090907,0.0016636363636363671,0.025342284919846473,0.959,0.10466718593381918,1.4768961233140734,-0.009090909090909094
c3110,73,220,110,1000,history3,0.35909090909090907,0.001527272727272766,0.023429161739906768,0.944,0.0934445073030539,1.7278329353760997,0.004545454545454575
c3110,73,220,110,1000,hist_gradient_boosting,0.35909090909090907,0.0012818181818181618,0.023536502334645232,0.947,0.091509588930008,1.7099052104264492,-0.009090909090909094
c3110,73,220,110,1000,deepseek_demo,0.35909090909090907,0.000818181818181829,0.03131023121141709,0.961,0.13019847989744793,0.9640287162874664,-0.35
c3110,73,220,110,1000,deepseek_history,0.35909090909090907,-0.0001818181818181719,0.02601970010181573,0.954,0.10469167596712005,1.3950266126275708,-0.06818181818181818
c3110,73,220,110,1000,deepseek_shuffled_history,0.35909090909090907,-0.0006181818181819065,0.041269122790141395,0.955,0.1648847649749576,0.5546421130207013,-0.09545454545454546
c3110,75,220,55,1000,human_only,0.38636363636363635,-0.00043636363636367914,0.05786133323988931,0.943,0.22831896945276314,1.0,0.0
c3110,75,220,55,1000,last_observation,0.38636363636363635,-0.0009636363636363887,0.04996858517240838,0.954,0.20080055564285612,1.3412805053541028,-0.0727272727272727
c3110,75,220,55,1000,history3,0.38636363636363635,-5.454545454541826e-05,0.050602975772426596,0.945,0.19822351745806802,1.3073761640053545,-0.07727272727272727
c3110,75,220,55,1000,hist_gradient_boosting,0.38636363636363635,-3.636363636355666e-05,0.04991231981606833,0.935,0.19412924961386777,1.343806976542981,-0.09090909090909088
c3110,75,220,55,1000,deepseek_demo,0.38636363636363635,-0.00045454545454548523,0.05956869775365343,0.956,0.23578430821315544,0.9434985733751035,-0.37727272727272726
c3110,75,220,55,1000,deepseek_history,0.38636363636363635,0.0001818181818181719,0.051227897874704525,0.933,0.2002527289733681,1.2756882999093015,-0.1409090909090909
c3110,75,220,55,1000,deepseek_shuffled_history,0.38636363636363635,0.000618181818181851,0.0772374250911483,0.951,0.304908958909381,0.5612087308707129,-0.14545454545454545
c3110,75,220,110,1000,human_only,0.38636363636363635,-0.001518181818181863,0.033741849337198676,0.937,0.13029401643760122,1.0,0.0
c3110,75,220,110,1000,last_observation,0.38636363636363635,-0.0017999999999999683,0.02931166241820835,0.95,0.11538914764873295,1.3274482764746935,-0.0727272727272727
c3110,75,220,110,1000,history3,0.38636363636363635,-0.001018181818181807,0.028994157291164595,0.946,0.1135528381239874,1.3532329880655027,-0.07727272727272727
c3110,75,220,110,1000,hist_gradient_boosting,0.38636363636363635,-0.0013363636363636355,0.028393632157711658,0.949,0.11134590133766822,1.4124687891403933,-0.09090909090909088
c3110,75,220,110,1000,deepseek_demo,0.38636363636363635,-0.0015909090909090318,0.03491193170259434,0.931,0.13462848916244202,0.9341415164049293,-0.37727272727272726
c3110,75,220,110,1000,deepseek_history,0.38636363636363635,-0.0012818181818181618,0.02940174841599314,0.94,0.11490891902645214,1.3168538596159673,-0.1409090909090909
c3110,75,220,110,1000,deepseek_shuffled_history,0.38636363636363635,-0.0013454545454545386,0.04557438747134655,0.929,0.1741136043120599,0.5475132791208761,-0.14545454545454545
c3110,78,220,55,1000,human_only,0.35909090909090907,0.0008727272727272473,0.057390931411369014,0.939,0.22503819971653305,1.0,0.0
c3110,78,220,55,1000,last_observation,0.35909090909090907,0.000818181818181829,0.04170339978609667,0.954,0.16637688001906076,1.8941326018853493,0.05909090909090908
c3110,78,220,55,1000,history3,0.35909090909090907,0.002327272727272789,0.04213320082275079,0.941,0.17233279189491474,1.860648204876854,0.09090909090909094
c3110,78,220,55,1000,hist_gradient_boosting,0.35909090909090907,0.0019454545454545835,0.039722175666363255,0.95,0.16099544555194248,2.0920065751684707,0.050000000000000044
c3110,78,220,55,1000,deepseek_demo,0.35909090909090907,0.0010545454545454191,0.05712101117238185,0.939,0.22442851844184794,1.0095838135713127,-0.35454545454545455
c3110,78,220,55,1000,deepseek_history,0.35909090909090907,0.0016181818181817964,0.04570476583283969,0.953,0.18205947360044655,1.578366551900238,0.0
c3110,78,220,55,1000,deepseek_shuffled_history,0.35909090909090907,0.0013818181818182063,0.07403706911612443,0.956,0.29776946306693824,0.6009508845586474,-0.0318181818181818
c3110,78,220,110,1000,human_only,0.35909090909090907,0.0007909090909091199,0.032988853614666844,0.947,0.1285254453595473,1.0,0.0
c3110,78,220,110,1000,last_observation,0.35909090909090907,-0.00019090909090907493,0.02484996300111983,0.942,0.0955548370561368,1.7614036106788438,0.05909090909090908
c3110,78,220,110,1000,history3,0.35909090909090907,-0.0007727272727272583,0.024657991177823458,0.953,0.0990044190976462,1.790589643900665,0.09090909090909094
c3110,78,220,110,1000,hist_gradient_boosting,0.35909090909090907,-0.00014545454545455971,0.023629369594595967,0.947,0.09239249956332449,1.9480357751862722,0.050000000000000044
c3110,78,220,110,1000,deepseek_demo,0.35909090909090907,0.0006999999999999784,0.03281679674740256,0.949,0.1281559481118128,1.0103922658079942,-0.35454545454545455
c3110,78,220,110,1000,deepseek_history,0.35909090909090907,0.0009454545454545271,0.027181666159501922,0.933,0.10497736929206254,1.473867152922372,0.0
c3110,78,220,110,1000,deepseek_shuffled_history,0.35909090909090907,0.001554545454545475,0.043210038625492206,0.946,0.16986836234207225,0.5832811049393385,-0.0318181818181818
c7010,73,220,55,1000,human_only,0.7636363636363637,-0.0006000000000000449,0.047756268248522034,0.958,0.19916989045458303,1.0,0.0
c7010,73,220,55,1000,last_observation,0.7636363636363637,0.0025999999999999357,0.03181038865600798,0.94,0.12702501694515844,2.2686384803280712,0.013636363636363558
c7010,73,220,55,1000,history3,0.7636363636363637,0.0015272727272728215,0.028421270116610248,0.946,0.10932307344769152,2.8311387415430014,0.004545454545454519
c7010,73,220,55,1000,hist_gradient_boosting,0.7636363636363637,0.0019454545454545835,0.029969681649657517,0.92,0.11790480066477378,2.5495401860840903,0.013636363636363558
c7010,73,220,55,1000,deepseek_demo,0.7636363636363637,-0.0009454545454544716,0.060126588224929646,0.962,0.24691910739514186,0.6309086482246524,0.054545454545454564
c7010,73,220,55,1000,deepseek_history,0.7636363636363637,0.002290909090909121,0.03289100457295554,0.944,0.13418890392853797,2.1181171053213377,0.040909090909090895
c7010,73,220,55,1000,deepseek_shuffled_history,0.7636363636363637,-0.0007454545454544936,0.06305186111513796,0.966,0.2611618750979007,0.5736633401026703,0.040909090909090895
c7010,73,220,110,1000,human_only,0.7636363636363637,0.0005454545454546267,0.02872497113910037,0.94,0.11360245795911932,1.0,0.0
c7010,73,220,110,1000,last_observation,0.7636363636363637,0.0010000000000000009,0.01826345309650571,0.948,0.07420946602615583,2.4802803250577843,0.013636363636363558
c7010,73,220,110,1000,history3,0.7636363636363637,0.00045454545454548523,0.015959659889911576,0.941,0.06456353400993023,3.2409157330735603,0.004545454545454519
c7010,73,220,110,1000,hist_gradient_boosting,0.7636363636363637,0.00045454545454548523,0.017012392177565897,0.941,0.06937961335521299,2.8519502786112354,0.013636363636363558
c7010,73,220,110,1000,deepseek_demo,0.7636363636363637,0.00025454545454550725,0.03555463727005184,0.947,0.14089339717829796,0.6525177545711026,0.054545454545454564
c7010,73,220,110,1000,deepseek_history,0.7636363636363637,0.0008363636363636351,0.01900413178215171,0.955,0.07756146804893672,2.2882764237186164,0.040909090909090895
c7010,73,220,110,1000,deepseek_shuffled_history,0.7636363636363637,0.0006090909090908925,0.038963852712248795,0.949,0.1491922283844935,0.5434316529499237,0.040909090909090895
c7010,75,220,55,1000,human_only,0.7454545454545455,-0.00040000000000006697,0.0521155740431902,0.939,0.20395740255031314,1.0,0.0
c7010,75,220,55,1000,last_observation,0.7454545454545455,-0.000618181818181851,0.037617035001632576,0.933,0.1428556344801241,1.9198073349560112,-0.004545454545454519
c7010,75,220,55,1000,history3,0.7454545454545455,-0.0003272727272727316,0.03219773617625988,0.912,0.12267863729487206,2.6200143127032236,0.009090909090909038
c7010,75,220,55,1000,hist_gradient_boosting,0.7454545454545455,-0.00045454545454548523,0.03276260718795235,0.928,0.12675211702414352,2.5306737514920483,0.013636363636363558
c7010,75,220,55,1000,deepseek_demo,0.7454545454545455,0.0023090909090908163,0.06259934253608751,0.942,0.24559394120481165,0.6940028320970889,0.022727272727272707
c7010,75,220,55,1000,deepseek_history,0.7454545454545455,-0.0008000000000001339,0.03569151576384312,0.935,0.13492682379572973,2.1330337494067337,0.013636363636363558
c7010,75,220,55,1000,deepseek_shuffled_history,0.7454545454545455,-0.001636363636363658,0.07112438179661328,0.945,0.28341644620276396,0.5371584370750079,0.040909090909090895
c7010,75,220,110,1000,human_only,0.7454545454545455,-0.00022727272727274261,0.029987600743425737,0.931,0.11661505708489651,1.0,0.0
c7010,75,220,110,1000,last_observation,0.7454545454545455,-9.090909090847532e-06,0.02047372837855889,0.951,0.08266623422454239,2.1451847683723964,-0.004545454545454519
c7010,75,220,110,1000,history3,0.7454545454545455,0.0004727272727271803,0.017477257950106042,0.961,0.07179498561929791,2.945979688603357,0.009090909090909038
c7010,75,220,110,1000,hist_gradient_boosting,0.7454545454545455,0.0003727272727271913,0.017772669146615003,0.958,0.07405106731855675,2.8480278741120886,0.013636363636363558
c7010,75,220,110,1000,deepseek_demo,0.7454545454545455,0.0010454545454545716,0.035391552430927266,0.958,0.14049507521640703,0.7185192278165665,0.022727272727272707
c7010,75,220,110,1000,deepseek_history,0.7454545454545455,-4.545454545468175e-05,0.01887759614897077,0.946,0.07856208827212081,2.523292690704379,0.013636363636363558
c7010,75,220,110,1000,deepseek_shuffled_history,0.7454545454545455,-0.0007818181818181058,0.04151271835382461,0.943,0.1622306560122374,0.5219756153678913,0.040909090909090895
c7010,78,220,55,1000,human_only,0.7636363636363637,-0.0007272727272727986,0.04915147778648207,0.944,0.19905317990042204,1.0,0.0
c7010,78,220,55,1000,last_observation,0.7636363636363637,0.0004909090909092084,0.034247519063188674,0.949,0.13439132135074497,2.0597242218031813,-0.013636363636363669
c7010,78,220,55,1000,history3,0.7636363636363637,0.0004363636363635681,0.02977324774007257,0.948,0.11805795288558298,2.7253290283499245,-0.03181818181818186
c7010,78,220,55,1000,hist_gradient_boosting,0.7636363636363637,0.0006909090909090754,0.03168282899130951,0.949,0.12559397884812762,2.407336141408921,-0.03181818181818186
c7010,78,220,55,1000,deepseek_demo,0.7636363636363637,-0.0018909090909091653,0.06368309972106137,0.945,0.2510742680626191,0.5960912392275416,-0.00909090909090915
c7010,78,220,55,1000,deepseek_history,0.7636363636363637,0.0008727272727272473,0.03674122147359695,0.936,0.1421562065617377,1.7902595219636581,0.004545454545454519
c7010,78,220,55,1000,deepseek_shuffled_history,0.7636363636363637,-0.0015090909090910154,0.06644204583353419,0.946,0.26940997761631935,0.5474143430739428,0.013636363636363558
c7010,78,220,110,1000,human_only,0.7636363636363637,-0.0008545454545455522,0.02804070241159336,0.949,0.11385447410747812,1.0,0.0
c7010,78,220,110,1000,last_observation,0.7636363636363637,-0.0007909090909091754,0.019825686652413053,0.932,0.07778605354155227,2.0017483669869094,-0.013636363636363669
c7010,78,220,110,1000,history3,0.7636363636363637,-0.0009545454545454302,0.017439387357500804,0.935,0.06911436061789776,2.5906864996354586,-0.03181818181818186
c7010,78,220,110,1000,hist_gradient_boosting,0.7636363636363637,-0.0006090909090910035,0.01862638313683928,0.934,0.07355192635652542,2.266636238703083,-0.03181818181818186
c7010,78,220,110,1000,deepseek_demo,0.7636363636363637,0.000936363636363513,0.03514433050923218,0.964,0.14445668018586758,0.6364614399073931,-0.00909090909090915
c7010,78,220,110,1000,deepseek_history,0.7636363636363637,-0.0005727272727272803,0.021144915181114544,0.939,0.08218515178174939,1.7582518487222918,0.004545454545454519
c7010,78,220,110,1000,deepseek_shuffled_history,0.7636363636363637,-0.00012727272727275363,0.03821210919664338,0.958,0.15453823259814248,0.5379935163419296,0.013636363636363558
