target,method,wave,weighted,n,n_truth,response_coverage,bias,mae,rmse,wasserstein,iqr_ratio,real_median,synthetic_median,spearman,real_zero,synthetic_zero,real_integer,synthetic_integer,accuracy,jsd,balanced_accuracy,ordinal_mae
c1120,conditional_donor,73,False,11931,11931,1.0,-0.33327466264353367,2.9991031765987763,6.312355691896982,0.5108624591400557,0.9722222222222222,2.5,2.5,0.5351723001456277,0.12002346827591988,0.12538764562903362,0.6279440113988769,0.6196462995557791,,,,
c1120,conditional_donor,73,True,11931,11931,1.0,-0.3859415326314278,3.013591028539053,6.261908874878388,0.556529094072189,0.8157894736842105,2.5,2.5,0.5351723001456277,0.11764626005525534,0.1204922417818176,0.618350336758047,0.6146846562484541,,,,
c1120,conditional_donor,75,False,11836,11836,1.0,-2.2666863805339643,4.1852061507265965,7.828997029721126,2.4401402500844864,0.5833333333333334,3.9,2.5,0.4716101292341563,0.07426495437647854,0.12419736397431565,0.6508110848259547,0.6099188915174045,,,,
c1120,conditional_donor,75,True,11836,11836,1.0,-2.4452551765780504,4.342967864233145,8.394326974935419,2.634791353219,0.5,3.6,2.5,0.4716101292341563,0.07047040743360904,0.12004674920142644,0.6406616641746941,0.6004449949493729,,,,
c1120,conditional_donor,78,False,10852,10852,1.0,-0.03721894581643936,3.3682915591596014,6.8019156822198275,0.35111500184297706,1.0625,3.0,2.8,0.47926908214094244,0.09380759307040176,0.10541835606339846,0.6167526723184666,0.626889052709178,,,,
c1120,conditional_donor,78,True,10852,10852,1.0,-0.05059816397755701,3.343650733952715,6.7865755543118516,0.31557513613389243,1.032258064516129,3.0,2.8,0.47926908214094244,0.08822627789455344,0.09870771768848627,0.6142872607655414,0.6211845017319715,,,,
c1120,country_previous,73,False,11931,11931,1.0,-1.499337859357975,3.5322772609169397,7.950543739566276,2.986941580756014,0.1388888888888889,2.5,3.0,0.2329738661326526,0.12002346827591988,0.0,0.6279440113988769,0.6774788366440365,,,,
c1120,country_previous,73,True,11931,11931,1.0,-1.6713652540782342,3.5220092812393653,8.126546209419502,3.0914492484055414,0.13157894736842105,2.5,2.7,0.2329738661326526,0.11764626005525534,0.0,0.618350336758047,0.6203769877546608,,,,
c1120,country_previous,75,False,11836,11836,1.0,-3.5072321730314293,4.90092091922947,9.886502652140134,4.450506928016221,0.1166666666666667,3.9,2.5,0.24031370607950658,0.07426495437647854,0.0,0.6508110848259547,0.5690266982088543,,,,
c1120,country_previous,75,True,11836,11836,1.0,-3.6841708131312503,4.978167666038533,10.287548920431783,4.612672920030109,0.1166666666666667,3.6,2.5,0.24031370607950658,0.07047040743360904,0.0,0.6406616641746941,0.5716852109862703,,,,
c1120,country_previous,78,False,10852,10852,1.0,-0.7603667526723185,3.553824179874678,7.3198446871508365,2.700267231846663,0.625,3.0,3.4,0.18748435228100174,0.09380759307040176,0.0,0.6167526723184666,0.6852193144120899,,,,
c1120,country_previous,78,True,10852,10852,1.0,-0.8951932544944986,3.407636851275846,7.10038077883143,2.7107964080353604,0.6451612903225806,3.0,3.2,0.18748435228100174,0.08822627789455344,0.0,0.6142872607655414,0.7479061225891475,,,,
c1120,hist_gradient_boosting,73,False,11931,11931,1.0,-0.28026088230678387,1.9456353730566474,4.970559996949431,0.8847355224295443,0.7696854966441401,2.5,2.6832647292688048,0.7958270433479422,0.12002346827591988,0.0,0.6279440113988769,0.0,,,,
c1120,hist_gradient_boosting,73,True,11931,11931,1.0,-0.29777918993323255,1.9494983945406559,4.970720035380501,0.9170549263380777,0.7087809182895798,2.5,2.634842126194732,0.7958270433479422,0.11764626005525534,0.0,0.618350336758047,0.0,,,,
c1120,hist_gradient_boosting,75,False,11836,11836,1.0,-2.267071945491454,3.3009373350560116,6.852460558537129,2.588554113441531,0.44162438962861,3.9,2.592924260071521,0.7192074414401614,0.07426495437647854,0.0,0.6508110848259547,0.0,,,,
c1120,hist_gradient_boosting,75,True,11836,11836,1.0,-2.4167262287252655,3.4429779747836036,7.460723646856878,2.737774855968914,0.4336836607702084,3.6,2.557160746003551,0.7192074414401614,0.07047040743360904,0.0,0.6406616641746941,0.0,,,,
c1120,hist_gradient_boosting,78,False,10852,10852,1.0,0.32452123938993926,2.2171356412253593,5.019242454021536,0.8082929110769331,1.0481029306858243,3.0,3.240543301300854,0.74524021397224,0.09380759307040176,0.0,0.6167526723184666,0.0,,,,
c1120,hist_gradient_boosting,78,True,10852,10852,1.0,0.2865128406451431,2.1994747875680907,4.9123945878601205,0.7794094528510231,1.0454452395468938,3.0,3.2700253421510226,0.74524021397224,0.08822627789455344,0.0,0.6142872607655414,0.0,,,,
c1120,history3,73,False,11931,11931,1.0,0.06243399547397536,1.9211549744363423,5.301767100637838,0.2644623250356222,0.9722222222222222,2.5,2.7,0.7724128279800643,0.12002346827591988,0.10602631799513872,0.6279440113988769,0.6270220434163104,,,,
c1120,history3,73,True,11931,11931,1.0,0.04141677895363778,1.9241012509474558,5.3383395352207925,0.32123592142455204,0.9210526315789475,2.5,2.5,0.7724128279800643,0.11764626005525534,0.1014547661784058,0.618350336758047,0.6211144149980528,,,,
c1120,history3,75,False,11836,11836,1.0,-1.9121155795876985,3.1476005407232175,6.565823162041534,2.058719161879012,0.5833333333333334,3.9,2.5,0.6936737984930249,0.07426495437647854,0.10214599526867185,0.6508110848259547,0.623014531936465,,,,
c1120,history3,75,True,11836,11836,1.0,-2.073289481712326,3.3006280750398207,7.262778430772279,2.2377982937646603,0.5833333333333334,3.6,2.5,0.6936737984930249,0.07047040743360904,0.10065762574590378,0.6406616641746941,0.6173397324318683,,,,
c1120,history3,78,False,10852,10852,1.0,1.133136748986362,2.6198673055657946,5.99556446198688,1.1537596756358273,1.40625,3.0,3.5,0.7112832523064608,0.09380759307040176,0.06671581275340951,0.6167526723184666,0.6458717287136012,,,,
c1120,history3,78,True,10852,10852,1.0,1.050194871446298,2.5699297405132766,5.785091492092963,1.084499702407086,1.4193548387096775,3.0,3.5,0.7112832523064608,0.08822627789455344,0.06186800742394717,0.6142872607655414,0.644974882428329,,,,
c1120,last_observation,73,False,11931,11931,1.0,0.19066297879473643,2.1538177856005363,5.794704792962517,0.2111809571703962,0.9722222222222222,2.5,2.6,0.7376823811451553,0.12002346827591988,0.1128991702288157,0.6279440113988769,0.6224960187746207,,,,
c1120,last_observation,73,True,11931,11931,1.0,0.1728099554612656,2.1326527251313707,5.743837051017351,0.21289803378051783,0.9210526315789475,2.5,2.5,0.7376823811451553,0.11764626005525534,0.10782028317259493,0.618350336758047,0.6147030939810544,,,,
c1120,last_observation,75,False,11836,11836,1.0,-2.003768164920581,3.395843190266982,7.372789018509655,2.040233186887461,0.6,3.9,2.5,0.6626130567641778,0.07426495437647854,0.11431226765799256,0.6508110848259547,0.6191280838120987,,,,
c1120,last_observation,75,True,11836,11836,1.0,-2.169585648201132,3.566905412832493,8.060636938795804,2.227073565818876,0.6166666666666667,3.6,2.5,0.6626130567641778,0.07047040743360904,0.11460520503131483,0.6406616641746941,0.614027385445137,,,,
c1120,last_observation,78,False,10852,10852,1.0,0.6738942130482861,2.6281146332473275,6.471712598018038,0.6992904533726513,1.25,3.0,3.1,0.7000754198080598,0.09380759307040176,0.08145963877626244,0.6167526723184666,0.6386841135274604,,,,
c1120,last_observation,78,True,10852,10852,1.0,0.6755979509007072,2.607427165936772,6.324819214843226,0.7081220493967603,1.2903225806451613,3.0,3.2,0.7000754198080598,0.08822627789455344,0.07726528722824394,0.6142872607655414,0.6432126365159213,,,,
c1220,conditional_donor,73,False,11931,11931,1.0,-0.4335763976196463,3.238068896152879,6.936333794647592,0.7071829687369036,0.7435897435897437,2.5,2.4,0.4901441744345091,0.14265359148436846,0.14223451512865645,0.6436174671025061,0.626519151789456,,,,
c1220,conditional_donor,73,True,11931,11931,1.0,-0.08015436329956224,3.5545754362868456,8.930047783385216,0.6808268671896018,0.717948717948718,2.5,2.3,0.4901441744345091,0.14167917103173733,0.14298607500013943,0.6429670339138523,0.6189060961053643,,,,
c1220,conditional_donor,75,False,11836,11836,1.0,-1.0709699222710376,3.703193646502197,7.819347262961924,1.4285569449138222,0.7999999999999999,2.7,2.3,0.4513250854644289,0.12174721189591078,0.14193984454207503,0.6583305170665765,0.6183676917877662,,,,
c1220,conditional_donor,75,True,11836,11836,1.0,-1.2450161281128056,3.8374326628180384,8.510374543094818,1.5802733308219015,0.7714285714285715,2.6,2.2,0.4513250854644289,0.12514661617390554,0.1390784721052129,0.6565711127765665,0.6122866822321469,,,,
c1220,conditional_donor,78,False,10852,10852,1.0,0.29879284924437893,3.4566807961666055,7.448292390084963,0.3770641356431993,0.9210526315789475,2.5,2.5,0.4501308401682286,0.13075930704017694,0.12633615923332106,0.6307593070401769,0.6436601548101732,,,,
c1220,conditional_donor,78,True,10852,10852,1.0,0.2523201660751999,3.435983275081603,7.33054956589144,0.33527669206722227,1.0,2.5,2.5,0.4501308401682286,0.1258350697950155,0.12178899149609915,0.6238282826020087,0.6396092421116695,,,,
c1220,country_previous,73,False,11931,11931,1.0,-1.4766071578241557,3.7510015924901516,8.549106475168129,3.2434330735059924,0.12820512820512822,2.5,3.0,0.16734974252888213,0.14265359148436846,0.0,0.6436174671025061,0.7285223367697594,,,,
c1220,country_previous,73,True,11931,11931,1.0,-1.645524511240468,3.703870829504075,8.600047365571111,3.2661574395601014,0.12820512820512822,2.5,2.5,0.16734974252888213,0.14167917103173733,0.0,0.6429670339138523,0.6487398302736027,,,,
c1220,country_previous,75,False,11836,11836,1.0,-2.088256167624197,4.232088543426833,9.434877376978523,3.735349780331193,0.14285714285714285,2.7,2.5,0.19384502523131186,0.12174721189591078,0.0,0.6583305170665765,0.6263095640419061,,,,
c1220,country_previous,75,True,11836,11836,1.0,-2.2628022173891935,4.284337356509188,10.067210585327771,3.876386262716146,0.14285714285714285,2.6,2.5,0.19384502523131186,0.12514661617390554,0.0,0.6565711127765665,0.5880128957955947,,,,
c1220,country_previous,78,False,10852,10852,1.0,-1.0381680796166606,3.5278842609657213,7.815253097658733,2.881957242904534,0.13157894736842105,2.5,3.0,0.15255869754502133,0.13075930704017694,0.0,0.6307593070401769,0.5187062292664947,,,,
c1220,country_previous,78,True,10852,10852,1.0,-1.2569189754986654,3.493490709485209,7.833494400078088,2.992468838293306,0.14285714285714285,2.5,2.5,0.15255869754502133,0.1258350697950155,0.0,0.6238282826020087,0.4461202751382571,,,,
c1220,hist_gradient_boosting,73,False,11931,11931,1.0,-0.3910111731661339,2.12638304641347,5.361252860232747,0.9905103305763916,0.6818268361485965,2.5,2.484357981034763,0.7692119539320992,0.14265359148436846,0.0,0.6436174671025061,0.0,,,,
c1220,hist_gradient_boosting,73,True,11931,11931,1.0,-0.3919309179127941,2.1091901579700276,5.301069458643898,0.9555805911037668,0.6624083397837687,2.5,2.4643087009083087,0.7692119539320992,0.14167917103173733,0.0,0.6429670339138523,0.0,,,,
c1220,hist_gradient_boosting,75,False,11836,11836,1.0,-1.0027762651500587,2.6267283377203947,6.3709264117370585,1.6262789078909252,0.7266287021241195,2.7,2.446931995039792,0.7351381136243866,0.12174721189591078,0.0,0.6583305170665765,0.0,,,,
c1220,hist_gradient_boosting,75,True,11836,11836,1.0,-1.13621588820689,2.810467502857988,7.3326137515778775,1.7464279163554286,0.7226755931103543,2.6,2.438769087247944,0.7351381136243866,0.12514661617390554,0.0,0.6565711127765665,0.0,,,,
c1220,hist_gradient_boosting,78,False,10852,10852,1.0,0.11558410552413664,2.2070282426342405,5.532946357118821,0.7133908056253191,0.736692551827971,2.5,2.618085520227886,0.7342217395675066,0.13075930704017694,0.0,0.6307593070401769,0.0,,,,
c1220,hist_gradient_boosting,78,True,10852,10852,1.0,0.053514357268266005,2.223028688473709,5.517065987903668,0.7800018080252653,0.77467483060971,2.5,2.6469207321726445,0.7342217395675066,0.1258350697950155,0.0,0.6238282826020087,0.0,,,,
c1220,history3,73,False,11931,11931,1.0,-0.028547481351102157,2.118648897829184,5.749707386154691,0.29863381108037834,0.8974358974358975,2.5,2.5,0.7458826294217119,0.14265359148436846,0.1325119436761378,0.6436174671025061,0.6431145754756517,,,,
c1220,history3,73,True,11931,11931,1.0,-0.0177770601846664,2.155700817559052,5.734360930487336,0.2806316195269475,0.8974358974358975,2.5,2.5,0.7458826294217119,0.14167917103173733,0.12963412516291525,0.6429670339138523,0.6375749464907164,,,,
c1220,history3,75,False,11836,11836,1.0,-0.579976343359243,2.560645488340656,6.414094899742257,0.8821223386279147,1.0,2.7,2.5,0.7161536924838662,0.12174721189591078,0.12149374788779993,0.6583305170665765,0.6434606285907402,,,,
c1220,history3,75,True,11836,11836,1.0,-0.7029896048373498,2.721989587995523,7.151741303848642,1.0168242911687952,1.0,2.6,2.5,0.7161536924838662,0.12514661617390554,0.11967857863902244,0.6565711127765665,0.6441888929623898,,,,
c1220,history3,78,False,10852,10852,1.0,0.5144028750460745,2.4249447106524142,6.2375520713049815,0.515527091780317,0.9210526315789475,2.5,2.6,0.7076919072725738,0.13075930704017694,0.11859565057132326,0.6307593070401769,0.6497419830446001,,,,
c1220,history3,78,True,10852,10852,1.0,0.4147262025882821,2.3978288719552117,6.143475681484614,0.45068920369918813,1.0,2.5,2.8,0.7076919072725738,0.1258350697950155,0.11482594564359198,0.6238282826020087,0.6500713455153617,,,,
c1220,last_observation,73,False,11931,11931,1.0,0.09558293521079539,2.3998323694577155,6.305344415691036,0.17101667923895755,0.9743589743589743,2.5,2.5,0.7169622542439048,0.14265359148436846,0.13896571955410275,0.6436174671025061,0.6453775877964966,,,,
c1220,last_observation,73,True,11931,11931,1.0,0.11925271079354641,2.367941034660963,6.1293653836662285,0.20213403091563786,0.9743589743589743,2.5,2.5,0.7169622542439048,0.14167917103173733,0.13609885680839276,0.6429670339138523,0.6443063075479178,,,,
c1220,last_observation,75,False,11836,11836,1.0,-0.5883322068266306,2.9150642108820546,7.457310579202625,0.662005745184184,1.0857142857142856,2.7,2.5,0.6648055202953731,0.12174721189591078,0.130280500168976,0.6583305170665765,0.6421088205474823,,,,
c1220,last_observation,75,True,11836,11836,1.0,-0.7241440419952512,3.0945483494811,8.312934262853712,0.8056922266083268,1.0857142857142856,2.6,2.5,0.6648055202953731,0.12514661617390554,0.1289832431633735,0.6565711127765665,0.6403718994606518,,,,
c1220,last_observation,78,False,10852,10852,1.0,0.36745300405455217,2.64178031699226,6.929621056822206,0.42292664946553643,0.9473684210526316,2.5,2.5,0.6788293310221297,0.13075930704017694,0.1258754146701069,0.6307593070401769,0.6446737928492444,,,,
c1220,last_observation,78,True,10852,10852,1.0,0.30318645988617515,2.646812132038913,6.719516439668513,0.33569222698418366,1.0,2.5,2.5,0.6788293310221297,0.1258350697950155,0.12179862327521848,0.6238282826020087,0.6505734393092675,,,,
c3010,conditional_donor,73,False,11931,11931,1.0,-0.01408096555192356,,,,,,,,,,,,0.6489816444556198,0.002574312617813051,0.4948507546175496,0.40449249853323277
c3010,conditional_donor,73,True,11931,11931,1.0,-0.008655803934535262,,,,,,,,,,,,0.6487526466839845,0.002535615137289466,0.4815459242323497,0.4043661450153599
c3010,conditional_donor,75,False,11836,11836,1.0,0.05187563366002028,,,,,,,,,,,,0.6312943562014194,0.003474898543261509,0.48434023539306165,0.42193308550185876
c3010,conditional_donor,75,True,11836,11836,1.0,0.054824052779094315,,,,,,,,,,,,0.63925067241723,0.004458277553171513,0.49511317400033866,0.41447783176403036
c3010,conditional_donor,78,False,10852,10852,1.0,0.0011057869517139699,,,,,,,,,,,,0.6307593070401769,0.001695516839050887,0.478062040210392,0.42886103943973464
c3010,conditional_donor,78,True,10852,10852,1.0,0.002747494387392832,,,,,,,,,,,,0.6310580820803835,0.0021085283903255554,0.4616477137328615,0.4302757118158053
c3010,country_previous,73,False,11931,11931,1.0,0.27239963121280697,,,,,,,,,,,,0.5455535998658956,0.27613715810346806,0.2,0.5662559718380689
c3010,country_previous,73,True,11931,11931,1.0,0.2649588119784539,,,,,,,,,,,,0.556303756563587,0.2681110111576571,0.2,0.5502244671482694
c3010,country_previous,75,False,11836,11836,1.0,0.3306015545792497,,,,,,,,,,,,0.523994592767827,0.2925339760520355,0.2,0.5938661710037175
c3010,country_previous,75,True,11836,11836,1.0,0.32556770707837496,,,,,,,,,,,,0.526860105145687,0.29033089585402316,0.2,0.589760597968785
c3010,country_previous,78,False,10852,10852,1.0,0.27534095097677846,,,,,,,,,,,,0.5036859565057132,0.18308667026752778,0.20434546966109784,0.6059712495392554
c3010,country_previous,78,True,10852,10852,1.0,0.33412706582451607,,,,,,,,,,,,0.5083371687743851,0.23052793891445178,0.20188234726482984,0.6037724476199937
c3010,hist_gradient_boosting,73,False,11931,11931,1.0,-0.034531891710669685,,,,,,,,,,,,0.7569357136870338,0.0019481264749180653,0.6397955473776358,0.27122621741681335
c3010,hist_gradient_boosting,73,True,11931,11931,1.0,-0.03412263493907902,,,,,,,,,,,,0.75624750758567,0.0022291913242393807,0.6294367414092878,0.27347619500796927
c3010,hist_gradient_boosting,75,False,11836,11836,1.0,0.03641432916525853,,,,,,,,,,,,0.7447617438323758,0.002665527129598217,0.6393566254562005,0.2843021290976681
c3010,hist_gradient_boosting,75,True,11836,11836,1.0,0.04800536668068118,,,,,,,,,,,,0.7496230425987271,0.0036246286999719363,0.6424601916351765,0.2807048629625592
c3010,hist_gradient_boosting,78,False,10852,10852,1.0,-0.0293033542204202,,,,,,,,,,,,0.7455768521931441,0.001126475640027585,0.6417643404699264,0.2808698857353483
c3010,hist_gradient_boosting,78,True,10852,10852,1.0,-0.024853895068467125,,,,,,,,,,,,0.743388352032427,0.0012086817547940713,0.6362685181353301,0.28464508457800974
c3010,history3,73,False,11931,11931,1.0,-0.06939904450590897,,,,,,,,,,,,0.7392506914759869,0.0014400727059885182,0.6517697998364211,0.30290838990864133
c3010,history3,73,True,11931,11931,1.0,-0.06677716791487832,,,,,,,,,,,,0.7396919062466955,0.0014015582754628739,0.6424134943875982,0.30338859384702754
c3010,history3,75,False,11836,11836,1.0,-0.008110848259547145,,,,,,,,,,,,0.7331023994592768,0.00027730204869023316,0.6534157478668187,0.30922608989523487
c3010,history3,75,True,11836,11836,1.0,0.0014599177918866323,,,,,,,,,,,,0.7365048982105754,0.00046078663549475966,0.6536634770922062,0.30672276244274954
c3010,history3,78,False,10852,10852,1.0,-0.06284555842241062,,,,,,,,,,,,0.7287136011795061,0.001004251849030114,0.6498462538628756,0.3123848138591965
c3010,history3,78,True,10852,10852,1.0,-0.0609759119331911,,,,,,,,,,,,0.726319806409204,0.0010290377605036488,0.6388018394511817,0.31570212662715824
c3010,last_observation,73,False,11931,11931,1.0,-0.022881569021875787,,,,,,,,,,,,0.7272651077026234,0.00027428895662649436,0.6467826392821145,0.3098650574134607
c3010,last_observation,73,True,11931,11931,1.0,-0.02192726343688737,,,,,,,,,,,,0.7296430209150515,0.0001958718240487114,0.641273373082784,0.30672666158815853
c3010,last_observation,75,False,11836,11836,1.0,0.055677593781683,,,,,,,,,,,,0.7239776951672863,0.0009509260244552484,0.6490798906894211,0.31792835417370735
c3010,last_observation,75,True,11836,11836,1.0,0.06325422851998226,,,,,,,,,,,,0.7302101994067498,0.0013515262541930206,0.6551434847914763,0.3128071621645306
c3010,last_observation,78,False,10852,10852,1.0,-0.02589384445263546,,,,,,,,,,,,0.7234611131588647,0.00034196897513191174,0.6590753185355531,0.3124769627718393
c3010,last_observation,78,True,10852,10852,1.0,-0.028101482432757677,,,,,,,,,,,,0.7203989767818193,0.00036249370913357275,0.6548611083428931,0.31864547208525995
c3110,conditional_donor,73,False,11931,11931,1.0,-0.037968317827508175,,,,,,,,,,,,0.6234179867571872,0.0036826880778575996,0.46495511856009386,0.43542033358477916
c3110,conditional_donor,73,True,11931,11931,1.0,-0.03910012544192399,,,,,,,,,,,,0.6254935498477725,0.004098660794762006,0.45164815458478164,0.4328101784287391
c3110,conditional_donor,75,False,11836,11836,1.0,0.07553227441703278,,,,,,,,,,,,0.5892193308550185,0.008185951599914594,0.44794255364409385,0.4795539033457249
c3110,conditional_donor,75,True,11836,11836,1.0,0.07516241542011069,,,,,,,,,,,,0.6011727655659156,0.009256647801617134,0.4623930094617162,0.46237807096278
c3110,conditional_donor,78,False,10852,10852,1.0,-0.049115370438628826,,,,,,,,,,,,0.6080906745300405,0.0026871742121955177,0.46720368431089226,0.4530962034647991
c3110,conditional_donor,78,True,10852,10852,1.0,-0.05130195582959528,,,,,,,,,,,,0.6103790507083514,0.0025406519376082546,0.4587099275770849,0.45201672916385227
c3110,country_previous,73,False,11931,11931,1.0,0.2110468527365686,,,,,,,,,,,,0.5465593831196044,0.2753820808605446,0.2,0.5577068141815439
c3110,country_previous,73,True,11931,11931,1.0,0.21104910286971804,,,,,,,,,,,,0.5519648653493893,0.27133872708924794,0.2,0.5478246524276853
c3110,country_previous,75,False,11836,11836,1.0,0.3209699222710375,,,,,,,,,,,,0.49273403176748903,0.3170618220167508,0.2,0.6352652923284894
c3110,country_previous,75,True,11836,11836,1.0,0.31026120962098114,,,,,,,,,,,,0.4981118814231906,0.3127761403115779,0.2,0.6264339581555494
c3110,country_previous,78,False,10852,10852,1.0,0.23580906745300406,,,,,,,,,,,,0.515757464061924,0.20993645031416697,0.20366086716730902,0.588186509399189
c3110,country_previous,78,True,10852,10852,1.0,0.28195618615460644,,,,,,,,,,,,0.5244560767415669,0.25216099050927016,0.20130640198029576,0.5752697979464191
c3110,hist_gradient_boosting,73,False,11931,11931,1.0,-0.019361327633894896,,,,,,,,,,,,0.7307853490906043,0.0021810611908940044,0.6288484930667765,0.29863381108037884
c3110,hist_gradient_boosting,73,True,11931,11931,1.0,-0.01751404082248291,,,,,,,,,,,,0.7357555675063359,0.0025494234005523793,0.6243993273078722,0.29374814784927045
c3110,hist_gradient_boosting,75,False,11836,11836,1.0,0.09530246704967894,,,,,,,,,,,,0.6949138222372423,0.0077815248242223585,0.5914136548218731,0.3418384589388307
c3110,hist_gradient_boosting,75,True,11836,11836,1.0,0.09785060516362483,,,,,,,,,,,,0.7048456119015228,0.008360230147257447,0.5982357265608724,0.33144160542897205
c3110,hist_gradient_boosting,78,False,10852,10852,1.0,-0.04810173239955769,,,,,,,,,,,,0.7252119424990785,0.0014147465910195978,0.6320959064968938,0.30575009214891263
c3110,hist_gradient_boosting,78,True,10852,10852,1.0,-0.04675273062251773,,,,,,,,,,,,0.7192717166921927,0.001120110460510962,0.6259570432391374,0.31314070532678445
c3110,history3,73,False,11931,11931,1.0,-0.05741346073254547,,,,,,,,,,,,0.7117592825412791,0.0008860683794759817,0.6385582828268441,0.3328304417064789
c3110,history3,73,True,11931,11931,1.0,-0.06050764958578699,,,,,,,,,,,,0.7120214004529346,0.0010024676634143412,0.6320231948378655,0.3338818352793017
c3110,history3,75,False,11836,11836,1.0,0.05170665765461305,,,,,,,,,,,,0.6894221020615072,0.001850103698858371,0.6140353463670155,0.3590740114903684
c3110,history3,75,True,11836,11836,1.0,0.05368898566384939,,,,,,,,,,,,0.701415358353212,0.002060233424250735,0.6221985051112036,0.3452672606951723
c3110,history3,78,False,10852,10852,1.0,-0.10744563214154074,,,,,,,,,,,,0.7029119056395134,0.0031460385683928084,0.6545292220921073,0.3455584224106156
c3110,history3,78,True,10852,10852,1.0,-0.10289073970099398,,,,,,,,,,,,0.7003559155181176,0.003175114593092315,0.6514509872877546,0.3493973772057565
c3110,last_observation,73,False,11931,11931,1.0,-0.007375743860531389,,,,,,,,,,,,0.7051378761210293,0.0001771868574956983,0.6436784630004733,0.33257899589305173
c3110,last_observation,73,True,11931,11931,1.0,-0.006651882259229926,,,,,,,,,,,,0.710939929261058,0.00013363848178017218,0.6513225704111882,0.32629363056538413
c3110,last_observation,75,False,11836,11836,1.0,0.11481919567421427,,,,,,,,,,,,0.6728624535315985,0.0039810369664639396,0.6072263597817853,0.3765630280500169
c3110,last_observation,75,True,11836,11836,1.0,0.11682924369877937,,,,,,,,,,,,0.6811081536483606,0.004318805535922708,0.6172212827968351,0.36847184960385354
c3110,last_observation,78,False,10852,10852,1.0,-0.036767416144489494,,,,,,,,,,,,0.6936970143752303,0.0008558396589646032,0.6469265596795805,0.34675635827497236
c3110,last_observation,78,True,10852,10852,1.0,-0.03900851520747045,,,,,,,,,,,,0.6911932688627599,0.0011860013117583447,0.6436992412153335,0.35150862607318617
c6120,conditional_donor,73,False,10673,10673,1.0,-0.17676379649583063,4.059833224023237,8.435274033944216,1.0278272275836222,0.8,2.0,2.0,0.42146658221801575,0.3040382273025391,0.28323807739154877,0.7645460507823479,0.7219151129017146,,,,
c6120,conditional_donor,73,True,10673,10673,1.0,0.38371173300322975,4.461639056612316,11.48740580490455,1.1124056910704294,0.8,2.0,2.0,0.42146658221801575,0.30527180964157086,0.27712910124964346,0.7621007398909229,0.7053113470366276,,,,
c6120,conditional_donor,75,False,10640,10640,1.0,-0.8493327067669173,4.480009398496241,8.990592253024847,1.5526597744360902,0.8,2.5,2.0,0.381278541476102,0.2643796992481203,0.28101503759398494,0.7638157894736842,0.7343045112781955,,,,
c6120,conditional_donor,75,True,10640,10640,1.0,-1.0727712159000096,4.47984223552886,9.243318348527389,1.6320475993815844,0.8,2.5,2.0,0.381278541476102,0.26331579998259225,0.2813152566816893,0.7581219329863896,0.7304450965679339,,,,
c6120,conditional_donor,78,False,9829,9829,1.0,0.2600773222097874,4.229270525994506,8.597609197616833,0.6283345202970817,1.0,2.0,2.5,0.38232412466952237,0.2799877912300336,0.2581137450401872,0.7477871604435853,0.7437175704547767,,,,
c6120,conditional_donor,78,True,9829,9829,1.0,0.2381948461141776,4.249788251890909,8.5580369467998,0.6023958050310221,1.0,2.0,2.5,0.38232412466952237,0.2788917660432762,0.2546877808757903,0.7457622410016718,0.7397703388053547,,,,
c6120,country_previous,73,False,10673,10673,1.0,-1.2279677691370747,4.305040757050501,8.868665131371525,3.6917736344045724,0.18,2.0,2.5,0.16925353050707653,0.3040382273025391,0.05181298603953902,0.7645460507823479,0.2600018738873794,,,,
c6120,country_previous,73,True,10673,10673,1.0,-1.0535761864521993,4.240875073078503,8.787220656333467,3.7143043949844174,0.18,2.0,2.5,0.16925353050707653,0.30527180964157086,0.017976464798565364,0.7621007398909229,0.1267784001534694,,,,
c6120,country_previous,75,False,10640,10640,1.0,-1.8102255639097744,4.727725563909774,9.340550791989966,4.224624060150376,0.1,2.5,2.5,0.17030711635150747,0.2643796992481203,0.0,0.7638157894736842,0.36334586466165414,,,,
c6120,country_previous,75,True,10640,10640,1.0,-1.8767931555705701,4.6149464724997165,9.328610269701684,4.157128991536143,0.1,2.5,2.5,0.17030711635150747,0.26331579998259225,0.0,0.7581219329863896,0.40268139991672963,,,,
c6120,country_previous,78,False,9829,9829,1.0,-0.6512361379591006,4.13683996337369,8.178269870646158,3.6989927764777706,0.2,2.0,2.6,0.14903433965149962,0.2799877912300336,0.0,0.7477871604435853,0.5567199104690203,,,,
c6120,country_previous,78,True,9829,9829,1.0,-0.6731310082683537,4.054461957999336,8.038833303701736,3.7176050275859387,0.2,2.0,2.6,0.14903433965149962,0.2788917660432762,0.0,0.7457622410016718,0.5633686335648523,,,,
c6120,hist_gradient_boosting,73,False,10673,10673,1.0,-0.09481413667671945,2.921393386610042,7.00931270001248,1.7186286912450799,0.782292168989669,2.0,2.1609433761884387,0.686004235186003,0.3040382273025391,0.0,0.7645460507823479,0.0,,,,
c6120,hist_gradient_boosting,73,True,10673,10673,1.0,0.0029819238178829463,2.95738859736983,6.940592776940529,1.7539856566194276,0.762994618663295,2.0,2.1223053572661867,0.686004235186003,0.30527180964157086,0.0,0.7621007398909229,0.0,,,,
c6120,hist_gradient_boosting,75,False,10640,10640,1.0,-0.8091059679061995,3.2983119128554614,7.363733649208086,2.183029099321101,0.784388874254027,2.5,2.152281477350344,0.6552173899755912,0.2643796992481203,0.0,0.7638157894736842,0.0,,,,
c6120,hist_gradient_boosting,75,True,10640,10640,1.0,-0.9268170602370329,3.281757479022265,7.441212469267346,2.165587271347178,0.7704269144008102,2.5,2.1341891131234454,0.6552173899755912,0.26331579998259225,0.0,0.7581219329863896,0.0,,,,
c6120,hist_gradient_boosting,78,False,9829,9829,1.0,0.23493761314207312,2.858957377020291,6.71702446275537,1.440584038833316,0.898096412289555,2.0,2.469518657225319,0.6625811265609639,0.2799877912300336,0.0,0.7477871604435853,0.0,,,,
c6120,hist_gradient_boosting,78,True,9829,9829,1.0,0.22091354910511832,2.8938596180967435,6.73383766733795,1.453341059787697,0.9082495350678823,2.0,2.5230471181494716,0.6625811265609639,0.2788917660432762,0.0,0.7457622410016718,0.0,,,,
c6120,history3,73,False,10673,10673,1.0,-0.0041600299821980945,2.94403635341516,7.012123891990448,0.5281364190012179,1.0,2.0,2.0,0.6597293049033461,0.3040382273025391,0.2855804366157594,0.7645460507823479,0.742059402229926,,,,
c6120,history3,73,True,10673,10673,1.0,0.15633543914233472,2.9771987250629093,6.836887473670069,0.6100646825949634,1.0,2.0,2.0,0.6597293049033461,0.30527180964157086,0.2858947311125454,0.7621007398909229,0.7304736507124739,,,,
c6120,history3,75,False,10640,10640,1.0,-0.7149389097744361,3.2836325187969924,7.494000717742079,1.0495253759398497,1.0,2.5,2.0,0.6326224523399631,0.2643796992481203,0.2839285714285714,0.7638157894736842,0.7412593984962406,,,,
c6120,history3,75,True,10640,10640,1.0,-0.8018115471624095,3.260920615297703,7.501469498531105,1.1179478813947021,1.0,2.5,2.0,0.6326224523399631,0.26331579998259225,0.28626228000083903,0.7581219329863896,0.73329105198991,,,,
c6120,history3,78,False,9829,9829,1.0,0.4177128904262895,3.053810153627022,7.185171316332712,0.5890426289551335,1.0,2.0,2.5,0.6389038767556601,0.2799877912300336,0.2511954420592125,0.7477871604435853,0.7283548682470241,,,,
c6120,history3,78,True,9829,9829,1.0,0.463142254642926,3.0520450032319997,7.001143154133608,0.6290713140964781,1.0,2.0,2.5,0.6389038767556601,0.2788917660432762,0.24833873358763678,0.7457622410016718,0.7281069535089201,,,,
c6120,last_observation,73,False,10673,10673,1.0,-0.05578562728380025,3.3803991380118057,7.8891222445331435,0.19079921296730062,1.0,2.0,2.0,0.6054191383153288,0.3040382273025391,0.28052094069146444,0.7645460507823479,0.7403729035884943,,,,
c6120,last_observation,73,True,10673,10673,1.0,0.0274442008855225,3.386845287583373,7.694891232852246,0.29807472264367174,1.0,2.0,2.0,0.6054191383153288,0.30527180964157086,0.2809203532295849,0.7621007398909229,0.7233743928364705,,,,
c6120,last_observation,75,False,10640,10640,1.0,-0.6023026315789474,3.686964285714286,8.390314244430941,0.7208928571428564,1.0,2.5,2.0,0.5818208750545983,0.2643796992481203,0.2718045112781955,0.7638157894736842,0.7467105263157895,,,,
c6120,last_observation,75,True,10640,10640,1.0,-0.6274134761598053,3.6670110001357057,8.438658121515006,0.7580902947389333,1.0,2.5,2.0,0.5818208750545983,0.26331579998259225,0.2770488778866494,0.7581219329863896,0.7392622369944277,,,,
c6120,last_observation,78,False,9829,9829,1.0,0.260850544307661,3.4296571370434434,8.107008469600709,0.35890731508800555,1.0,2.0,2.5,0.5880367886955937,0.2799877912300336,0.24600671482348152,0.7477871604435853,0.7415810357106521,,,,
c6120,last_observation,78,True,9829,9829,1.0,0.2597705899789436,3.4410492758631155,7.871166967239082,0.39447749919739405,1.0,2.0,2.5,0.5880367886955937,0.2788917660432762,0.2432647618341462,0.7457622410016718,0.741411393393143,,,,
c7010,conditional_donor,73,False,11931,11931,1.0,0.009219679825664236,,,,,,,,,,,,0.9032771771016679,8.86311097500899e-05,0.8550499035360817,
c7010,conditional_donor,73,True,11931,11931,1.0,0.008790059547194612,,,,,,,,,,,,0.9064351423080065,8.271200731575255e-05,0.8559506916840485,
c7010,conditional_donor,75,False,11836,11836,1.0,0.004393376140588037,,,,,,,,,,,,0.9084150050692802,2.018440782193753e-05,0.8646691402288813,
c7010,conditional_donor,75,True,11836,11836,1.0,0.0025198002804899195,,,,,,,,,,,,0.9151193684042821,6.706583914775262e-06,0.8741647968617958,
c7010,conditional_donor,78,False,10852,10852,1.0,0.00903059343899742,,,,,,,,,,,,0.9014006634721711,8.613561871830886e-05,0.850520057396459,
c7010,conditional_donor,78,True,10852,10852,1.0,0.010804324892213862,,,,,,,,,,,,0.9038522529871366,0.00012647350453046235,0.8492002700121579,
c7010,country_previous,73,False,11931,11931,1.0,0.18246584527700946,,,,,,,,,,,,0.7747883664403654,0.055294772466654436,0.537300242354637,
c7010,country_previous,73,True,11931,11931,1.0,0.19194176810172028,,,,,,,,,,,,0.7841632304237001,0.06922111698887835,0.5265571172104089,
c7010,country_previous,75,False,11836,11836,1.0,0.1807198377830348,,,,,,,,,,,,0.7772051368705644,0.05518748239439384,0.5355433726113267,
c7010,country_previous,75,True,11836,11836,1.0,0.1924430783449331,,,,,,,,,,,,0.7832762884621344,0.06923582444519188,0.5266570196935967,
c7010,country_previous,78,False,10852,10852,1.0,0.18733873940287504,,,,,,,,,,,,0.7765388868411353,0.06177920579291809,0.5278404190255148,
c7010,country_previous,78,True,10852,10852,1.0,0.19556540296243718,,,,,,,,,,,,0.7845250947244065,0.07557327716527514,0.5187315940088396,
c7010,hist_gradient_boosting,73,False,11931,11931,1.0,0.007878635487385802,,,,,,,,,,,,0.9373061771854831,6.45828598361137e-05,0.9045667073272949,
c7010,hist_gradient_boosting,73,True,11931,11931,1.0,0.006233714473959406,,,,,,,,,,,,0.9429060230735719,4.14183775237697e-05,0.9113847308756073,
c7010,hist_gradient_boosting,75,False,11836,11836,1.0,0.009040216289286921,,,,,,,,,,,,0.9365495099695843,8.61153419702501e-05,0.9014726123789469,
c7010,hist_gradient_boosting,75,True,11836,11836,1.0,0.006130501328162592,,,,,,,,,,,,0.9411017957909036,3.993674832450556e-05,0.9091016130483887,
c7010,hist_gradient_boosting,78,False,10852,10852,1.0,0.008109104312569112,,,,,,,,,,,,0.9319941024695909,6.934774266025098e-05,0.8953975998557248,
c7010,hist_gradient_boosting,78,True,10852,10852,1.0,0.009430235708584632,,,,,,,,,,,,0.932462139810402,9.611837031076652e-05,0.8925328472798977,
c7010,history3,73,False,11931,11931,1.0,0.004442209370547314,,,,,,,,,,,,0.93789288408348,2.0418830740695144e-05,0.9080746772187362,
c7010,history3,73,True,11931,11931,1.0,0.003100296548153215,,,,,,,,,,,,0.9440765264014194,1.0191137405790872e-05,0.915672771986682,
c7010,history3,75,False,11836,11836,1.0,0.005407232173031429,,,,,,,,,,,,0.9368029739776952,3.0625590363743445e-05,0.9047271365382668,
c7010,history3,75,True,11836,11836,1.0,0.003002917614339486,,,,,,,,,,,,0.9416748952372389,9.532417402671434e-06,0.912493926419,
c7010,history3,78,False,10852,10852,1.0,0.0048838923700700336,,,,,,,,,,,,0.9322705492075194,2.502168650058777e-05,0.8983744530870199,
c7010,history3,78,True,10852,10852,1.0,0.006334318531732086,,,,,,,,,,,,0.9325782295819166,4.3135419892301396e-05,0.8952933508670748,
c7010,last_observation,73,False,11931,11931,1.0,-0.0020115665074176515,,,,,,,,,,,,0.9284217584443886,4.144956509961676e-06,0.8996016915589928,
c7010,last_observation,73,True,11931,11931,1.0,-0.0029040007481782072,,,,,,,,,,,,0.9340565183475007,8.853592196204472e-06,0.9059572153424755,
c7010,last_observation,75,False,11836,11836,1.0,0.0009293680297397769,,,,,,,,,,,,0.9279317336938154,8.982025738538689e-07,0.8955186852153143,
c7010,last_observation,75,True,11836,11836,1.0,0.0011078682582217388,,,,,,,,,,,,0.931734471167152,1.2934065971394268e-06,0.899547592328428,
c7010,last_observation,78,False,10852,10852,1.0,0.0055289347585698485,,,,,,,,,,,,0.929229635090306,3.210149249321131e-05,0.893471348816786,
c7010,last_observation,78,True,10852,10852,1.0,0.005713229093655307,,,,,,,,,,,,0.9292172688219156,3.505374558725398e-05,0.8908573048553715,
