target,a,b,n,positive_means,gain,lo,hi,bootstrap,cluster
c1120,deepseek_history,deepseek_demo,660,A_better,1.3483333333333334,0.9520273567796147,1.768878447338334,2000,person_within_country
c1120,deepseek_history,deepseek_shuffled_history,660,A_better,2.699242424242424,2.1855981678862477,3.2153261357905825,2000,person_within_country
c1120,deepseek_history,last_observation,660,A_better,-0.0315151515151515,-0.2440692398343234,0.17371995862932418,2000,person_within_country
c1120,deepseek_history,hist_gradient_boosting,660,A_better,-0.17368634692494053,-0.3275844839147054,-0.020660154560992575,2000,person_within_country
c1120,deepseek_history,history3,660,A_better,-0.21833333333333327,-0.4328353313483272,-0.01671754433230416,2000,person_within_country
c1120,deepseek_history,deepseek_history1,660,A_better,0.20969696969696972,0.0038840441189873114,0.4248580941096576,2000,person_within_country
c1120,deepseek_history,deepseek_matched_history,660,A_better,2.651969696969697,2.1340452802210224,3.190736969846559,2000,person_within_country
c1120,deepseek_history,deepseek_reversed_history,660,A_better,0.14242424242424245,-0.11336080631914694,0.4070240524073224,2000,person_within_country
c1220,deepseek_history,deepseek_demo,660,A_better,1.3662121212121212,1.0100308010357502,1.734576833287558,2000,person_within_country
c1220,deepseek_history,deepseek_shuffled_history,660,A_better,2.5716666666666668,2.114028457800394,3.0217506389193134,2000,person_within_country
c1220,deepseek_history,last_observation,660,A_better,0.30469696969696963,-0.030397556647556643,0.7507037386276499,2000,person_within_country
c1220,deepseek_history,hist_gradient_boosting,660,A_better,-0.2868769507981006,-0.43888258788648726,-0.1519061988090718,2000,person_within_country
c1220,deepseek_history,history3,660,A_better,-0.3718181818181819,-0.5809540972697149,-0.16488247175459497,2000,person_within_country
c1220,deepseek_history,deepseek_history1,660,A_better,0.27454545454545454,0.11168945343934078,0.4485677028952216,2000,person_within_country
c1220,deepseek_history,deepseek_matched_history,660,A_better,2.590757575757576,2.1118108182445408,3.1143041404725773,2000,person_within_country
c1220,deepseek_history,deepseek_reversed_history,660,A_better,-0.09272727272727269,-0.35639549200115883,0.15377065003526688,2000,person_within_country
c6120,deepseek_history,deepseek_demo,593,A_better,1.4200674536256321,0.9204039415707306,1.9910619356909376,2000,person_within_country
c6120,deepseek_history,deepseek_shuffled_history,578,A_better,2.9591695501730104,2.1941428631920252,3.7086606529745927,2000,person_within_country
c6120,deepseek_history,last_observation,593,A_better,0.30101180438448566,-0.21148955483282575,0.6884250870188368,2000,person_within_country
c6120,deepseek_history,hist_gradient_boosting,593,A_better,-0.12197879352561243,-0.4485019765180962,0.24198322852424045,2000,person_within_country
c6120,deepseek_history,history3,593,A_better,-0.29165261382799323,-0.5834815529921918,-0.010437817258883502,2000,person_within_country
c6120,deepseek_history,deepseek_history1,590,A_better,0.6030508474576272,0.3576161340170586,0.8706176804338032,2000,person_within_country
c6120,deepseek_history,deepseek_matched_history,576,A_better,2.8538194444444445,2.086126516464472,3.6513907853166834,2000,person_within_country
c6120,deepseek_history,deepseek_reversed_history,591,A_better,0.1289340101522842,-0.16546186440677965,0.44102465986394535,2000,person_within_country
c3010,deepseek_history,deepseek_demo,660,A_better,0.3181818181818182,0.2706422018348624,0.362808262988832,2000,person_within_country
c3010,deepseek_history,deepseek_shuffled_history,660,A_better,0.3424242424242424,0.29482841829276785,0.39302655076057585,2000,person_within_country
c3010,deepseek_history,last_observation,660,A_better,-0.006060606060606061,-0.02587617635594164,0.015106884555525033,2000,person_within_country
c3010,deepseek_history,hist_gradient_boosting,660,A_better,-0.013636363636363636,-0.04078549848942598,0.013753030414340105,2000,person_within_country
c3010,deepseek_history,history3,660,A_better,-0.022727272727272728,-0.05136145910937836,0.006097793706944702,2000,person_within_country
c3010,deepseek_history,deepseek_history1,660,A_better,0.06212121212121212,0.03201097700189331,0.0918709339620927,2000,person_within_country
c3010,deepseek_history,deepseek_matched_history,660,A_better,0.3515151515151515,0.30060422960725075,0.4012158054711246,2000,person_within_country
c3010,deepseek_history,deepseek_reversed_history,660,A_better,0.024242424242424242,-0.010574018126888218,0.058823529411764705,2000,person_within_country
c3110,deepseek_history,deepseek_demo,660,A_better,0.25606060606060604,0.21275554345039735,0.2994034896577887,2000,person_within_country
c3110,deepseek_history,deepseek_shuffled_history,660,A_better,0.3015151515151515,0.25531834543935206,0.3473700111305454,2000,person_within_country
c3110,deepseek_history,last_observation,660,A_better,-0.022727272727272728,-0.049478982313354604,0.0030719806387916877,2000,person_within_country
c3110,deepseek_history,hist_gradient_boosting,660,A_better,-0.05606060606060606,-0.08610597556572254,-0.027314112291350532,2000,person_within_country
c3110,deepseek_history,history3,660,A_better,-0.03484848484848485,-0.06787330316742081,-0.003025604343871549,2000,person_within_country
c3110,deepseek_history,deepseek_history1,660,A_better,0.07121212121212121,0.04057883257762728,0.10334739744532806,2000,person_within_country
c3110,deepseek_history,deepseek_matched_history,660,A_better,0.3242424242424242,0.2764350453172205,0.37216781472301796,2000,person_within_country
c3110,deepseek_history,deepseek_reversed_history,660,A_better,0.03636363636363636,0.0030439090638230055,0.06980273141122914,2000,person_within_country
c7010,deepseek_history,deepseek_demo,660,A_better,0.19393939393939394,0.15891878191010395,0.23053435114503817,2000,person_within_country
c7010,deepseek_history,deepseek_shuffled_history,660,A_better,0.24848484848484848,0.2106060606060606,0.2859465524834395,2000,person_within_country
c7010,deepseek_history,last_observation,660,A_better,-0.0030303030303030303,-0.016692591704295445,0.012030528127547784,2000,person_within_country
c7010,deepseek_history,hist_gradient_boosting,660,A_better,-0.015151515151515152,-0.03172445756660258,0.0,2000,person_within_country
c7010,deepseek_history,history3,660,A_better,-0.022727272727272728,-0.040604565712924846,-0.004586980881014078,2000,person_within_country
c7010,deepseek_history,deepseek_history1,660,A_better,0.07272727272727272,0.046896867330009,0.09954751131221719,2000,person_within_country
c7010,deepseek_history,deepseek_matched_history,660,A_better,0.21818181818181817,0.18084785952319918,0.2549422139002194,2000,person_within_country
c7010,deepseek_history,deepseek_reversed_history,660,A_better,0.0015151515151515152,-0.019756838905775075,0.02416918429003021,2000,person_within_country
