model,scope,n,accuracy
hgb_1024,pooled,660,0.703030303030303
hgb_1024,unseen,143,0.7062937062937062
hgb_1024,seen,517,0.7021276595744681
hgb_1024,73,220,0.7181818181818181
hgb_1024,75,220,0.6772727272727272
hgb_1024,78,220,0.7136363636363636
transition_1024,pooled,660,0.6772727272727272
transition_1024,unseen,143,0.6363636363636364
transition_1024,seen,517,0.688588007736944
transition_1024,73,220,0.7136363636363636
transition_1024,75,220,0.6272727272727273
transition_1024,78,220,0.6909090909090909
base,pooled,660,0.49393939393939396
base,unseen,143,0.46853146853146854
base,seen,517,0.5009671179883946
base,73,220,0.4863636363636364
base,75,220,0.4863636363636364
base,78,220,0.509090909090909
hard,pooled,660,0.7287878787878788
hard,unseen,143,0.7272727272727273
hard,seen,517,0.7292069632495164
hard,73,220,0.7681818181818182
hard,75,220,0.6590909090909091
hard,78,220,0.759090909090909
soft,pooled,660,0.7136363636363636
soft,unseen,143,0.7132867132867133
soft,seen,517,0.7137330754352031
soft,73,220,0.7318181818181818
soft,75,220,0.6545454545454545
soft,78,220,0.7545454545454545
deepseek_history,pooled,660,0.6984848484848485
deepseek_history,unseen,143,0.6923076923076923
deepseek_history,seen,517,0.7001934235976789
deepseek_history,73,220,0.7181818181818181
deepseek_history,75,220,0.65
deepseek_history,78,220,0.7272727272727273
history3,pooled,660,0.7333333333333333
history3,unseen,143,0.7482517482517482
history3,seen,517,0.7292069632495164
history3,73,220,0.7636363636363637
history3,75,220,0.7
history3,78,220,0.7363636363636363
hist_gradient_boosting,pooled,660,0.7545454545454545
hist_gradient_boosting,unseen,143,0.7552447552447552
hist_gradient_boosting,seen,517,0.7543520309477756
hist_gradient_boosting,73,220,0.7772727272727272
hist_gradient_boosting,75,220,0.7136363636363636
hist_gradient_boosting,78,220,0.7727272727272727
