method,synthetic_inflation_horizon_spearman,real_inflation_horizon_spearman,synthetic_horizon_identical,real_horizon_identical
conditional_donor,0.8161930484111125,0.6868984743754929,0.3575757575757576,0.2833333333333333
country_previous,0.9054617634392733,0.6868984743754929,0.5454545454545454,0.2833333333333333
deepseek_demo,0.6959973929783925,0.6868984743754929,0.1,0.2833333333333333
deepseek_history,0.8332568545286128,0.6868984743754929,0.3015151515151515,0.2833333333333333
deepseek_history1,0.7593798966155965,0.6868984743754929,0.2924242424242424,0.2833333333333333
deepseek_history_repeat,0.7218865996892568,0.6437842328750774,0.3484848484848485,0.24242424242424243
deepseek_matched_history,0.8309804090492007,0.6868984743754929,0.33181818181818185,0.2833333333333333
deepseek_reversed_history,0.8232259400302042,0.6868984743754929,0.29848484848484846,0.2833333333333333
deepseek_shuffled_history,0.8200887113061077,0.6868984743754929,0.30757575757575756,0.2833333333333333
hist_gradient_boosting,0.865265086810958,0.6868984743754929,0.0,0.2833333333333333
history3,0.7725312242828802,0.6868984743754929,0.3333333333333333,0.2833333333333333
last_observation,0.7377576289816582,0.6868984743754929,0.32272727272727275,0.2833333333333333
