target,method,scope,n,n_truth,response_coverage,bias,mae,rmse,wasserstein,iqr_ratio,real_median,synthetic_median,spearman,real_zero,synthetic_zero,real_integer,synthetic_integer,accuracy,jsd,balanced_accuracy,ordinal_mae
c1120,conditional_donor,pooled_95pct_weight_cap,660,660,1.0,-1.0682461679841442,3.6191007352316613,7.52638825233601,1.4217397998098367,0.9031348281618501,3.0,2.3,0.463560926328087,0.07961867675989037,0.13588249561177718,0.6406302327794753,0.675920916723449,,,,
c1120,country_previous,pooled_95pct_weight_cap,660,660,1.0,-1.8970618838259838,3.9778567426646885,8.504682815314895,3.3216702316235107,0.15625,3.0,3.0,0.15807470189316178,0.07961867675989037,0.0,0.6406302327794753,0.6395350503942095,,,,
c1120,deepseek_demo,pooled_95pct_weight_cap,660,660,1.0,-2.156365451101219,3.9682578444993366,8.658072752471083,3.5086602468760333,0.15625,3.0,3.0,0.10513868538723518,0.07961867675989037,0.0,0.6406302327794753,0.6682796903097465,,,,
c1120,deepseek_history,pooled_95pct_weight_cap,660,660,1.0,-0.45504406902264183,2.7514251426235754,6.175407123500708,1.213471003772017,0.9375,3.0,3.0,0.6410475379620749,0.07961867675989037,0.028717049089290663,0.6406302327794753,0.6975891042033113,,,,
c1120,deepseek_history1,pooled_95pct_weight_cap,660,660,1.0,-0.374960889240004,2.9495930471599063,6.482746229146842,1.2558929241363401,0.9375,3.0,3.0,0.6024218442234144,0.07961867675989037,0.0,0.6406302327794753,0.6883877326971914,,,,
c1120,deepseek_history_repeat,pooled_95pct_weight_cap,132,132,1.0,0.57209121694612,2.4555190989690354,4.567325900307289,0.9032474861363093,1.1094360803629353,3.1,3.5,0.5816925011353286,0.029712647165305105,0.0021391384165382254,0.5557778040711675,0.7347597189892351,,,,
c1120,deepseek_matched_history,pooled_95pct_weight_cap,660,660,1.0,-0.7308670633970071,4.874552220147618,9.030425986697544,1.4057992865754012,0.9375,3.0,3.0,0.12059273595847671,0.07961867675989034,0.026044198940891463,0.6406302327794753,0.6984743168024573,,,,
c1120,deepseek_reversed_history,pooled_95pct_weight_cap,660,660,1.0,-0.10117522899690676,3.0724404721131315,6.653699550213539,1.0888142951288668,0.9375,3.0,3.0,0.6417979209452616,0.07961867675989034,0.028532316251064806,0.6406302327794753,0.7081226533792266,,,,
c1120,deepseek_shuffled_history,pooled_95pct_weight_cap,660,660,1.0,-0.6841487563966938,5.014533876963555,9.121519370370722,1.4492793494441722,0.9375,3.0,3.0,0.10382636083942992,0.07961867675989037,0.019126949983852132,0.6406302327794753,0.6720847116990029,,,,
c1120,hist_gradient_boosting,pooled_95pct_weight_cap,660,660,1.0,-0.740830905769158,2.750978599102296,6.219424189708502,1.3252923555495744,0.8896262574358779,3.0,2.770462995720479,0.7224514966275684,0.07961867675989037,0.0,0.6406302327794753,0.0,,,,
c1120,history3,pooled_95pct_weight_cap,660,660,1.0,-0.44179128599295137,2.793163263558618,6.2690222904376895,0.968665402555732,1.0,3.0,3.0,0.7114026791704708,0.07961867675989037,0.07574939506369611,0.6406302327794753,0.620378730164666,,,,
c1120,last_observation,pooled_95pct_weight_cap,660,660,1.0,-0.49068697493488694,2.8888642604499184,6.5921783182374805,0.7362870666797181,1.09375,3.0,2.7549580162651215,0.6815421525750819,0.07961867675989037,0.10280631455871558,0.6406302327794753,0.601665406641461,,,,
c1220,conditional_donor,pooled_95pct_weight_cap,660,660,1.0,-0.37396235848565146,3.5641652855587607,8.447175941130544,0.85291699903964,0.7368421052631579,2.5,2.5,0.5064670036848783,0.1475853401457028,0.1396576323661947,0.6547249440807305,0.6513536645307894,,,,
c1220,country_previous,pooled_95pct_weight_cap,660,660,1.0,-1.800854571053516,3.9028373336734212,9.422917387184446,3.421805542886232,0.13157894736842105,2.5,2.5,0.10677320554600432,0.1475853401457028,0.0,0.6547249440807305,0.5529475110561313,,,,
c1220,deepseek_demo,pooled_95pct_weight_cap,660,660,1.0,-2.3986928118662205,3.8978062469627637,9.587125910536033,3.7370674067814944,0.13157894736842105,2.5,2.0,0.03375317578465342,0.1475853401457028,0.0,0.6547249440807307,0.7583646122560442,,,,
c1220,deepseek_history,pooled_95pct_weight_cap,660,660,1.0,-0.6774876807638971,2.582507965628994,7.28668453406385,1.3453937881836613,0.6578947368421053,2.5,2.5,0.7210567023346249,0.1475853401457028,0.06760676942240951,0.6547249440807305,0.6964122656858662,,,,
c1220,deepseek_history1,pooled_95pct_weight_cap,660,660,1.0,-0.7587114816603139,2.7626017128091744,7.335939905693863,1.4273685625714212,0.5320458597709807,2.5,2.5,0.6516195346230943,0.1475853401457028,0.04529580654686875,0.6547249440807305,0.6943168801682252,,,,
c1220,deepseek_history_repeat,pooled_95pct_weight_cap,132,132,1.0,-0.10255368314359,1.7678043736515947,2.800072907054959,0.7275697957888669,0.732193777407416,3.0,3.0,0.7003206860200352,0.05660538797218786,0.05796924881627494,0.6092388785893191,0.7267713407499669,,,,
c1220,deepseek_matched_history,pooled_95pct_weight_cap,660,660,1.0,-0.6206560276688016,4.955166301889534,10.203092536664661,1.2547795353179976,0.5263157894736842,2.5,2.5,0.11663505466410873,0.1475853401457028,0.053987085792269844,0.6547249440807305,0.7047116925706491,,,,
c1220,deepseek_reversed_history,pooled_95pct_weight_cap,660,660,1.0,-0.3325445787175758,2.4184416879940422,6.873548300381208,1.0386397927282873,0.7894736842105263,2.5,2.5,0.6987306702897854,0.1475853401457028,0.04851112991743755,0.6547249440807305,0.7301272243545661,,,,
c1220,deepseek_shuffled_history,pooled_95pct_weight_cap,660,660,1.0,-0.7597167868208689,4.884192348603324,9.96963480592675,1.4356417659907668,0.5263157894736842,2.5,2.5,0.08844549441951334,0.1475853401457028,0.06087458008808507,0.6547249440807307,0.6949252655085663,,,,
c1220,hist_gradient_boosting,pooled_95pct_weight_cap,660,660,1.0,-0.8149846722400657,2.4227596926088526,6.907714173077996,1.3267776090957433,0.7173929839146026,2.5,2.4367490384377217,0.7802573172256347,0.1475853401457028,0.0,0.6547249440807305,0.0,,,,
c1220,history3,pooled_95pct_weight_cap,660,660,1.0,-0.4679273481460023,2.2592909710479367,6.652211231190757,0.7227070918851636,1.0,2.5,2.5,0.7698308738339698,0.1475853401457028,0.1303239993296434,0.6547249440807305,0.6353812539534281,,,,
c1220,last_observation,pooled_95pct_weight_cap,660,660,1.0,-0.6233361094078408,2.6912309502655987,7.6293383485836355,0.7561087888466264,1.0,2.5,2.5,0.6971093900851619,0.1475853401457028,0.14844159356349432,0.6547249440807305,0.6302687382518978,,,,
c3010,conditional_donor,pooled_95pct_weight_cap,660,660,1.0,0.015424915229019556,,,,,,,,,,,,0.6792764569098242,0.0035404536615135733,0.4924106313614439,0.37676451060181365
c3010,country_previous,pooled_95pct_weight_cap,660,660,1.0,0.2860424208970582,,,,,,,,,,,,0.5608936559298705,0.23322481905864856,0.2022048769482546,0.5398058019622749
c3010,deepseek_demo,pooled_95pct_weight_cap,660,660,1.0,0.21103968827887148,,,,,,,,,,,,0.46011375909717456,0.06011483796143617,0.19922464669590892,0.6488693410939171
c3010,deepseek_history,pooled_95pct_weight_cap,660,660,1.0,-0.010303997875836857,,,,,,,,,,,,0.7334511973052421,0.005955015171840952,0.5987211229025776,0.2914444161441495
c3010,deepseek_history1,pooled_95pct_weight_cap,660,660,1.0,0.061140995002764945,,,,,,,,,,,,0.6834885113504271,0.00940863608696817,0.5056829398237388,0.35512864334278
c3010,deepseek_history_repeat,pooled_95pct_weight_cap,132,132,1.0,0.09796291431068932,,,,,,,,,,,,0.7062426948725132,0.013646545585113813,0.5238718857004769,0.32781505322295723
c3010,deepseek_matched_history,pooled_95pct_weight_cap,660,660,1.0,0.006336872916295953,,,,,,,,,,,,0.38191596156727264,0.003902066222256982,0.19005417461098711,0.7959670196878439
c3010,deepseek_reversed_history,pooled_95pct_weight_cap,660,660,1.0,-0.013018195956697638,,,,,,,,,,,,0.7074945775732355,0.00892922463569485,0.5806923550804824,0.31726866352442845
c3010,deepseek_shuffled_history,pooled_95pct_weight_cap,660,660,1.0,0.0318345365081704,,,,,,,,,,,,0.39854347481618446,0.005197584767930209,0.2078587600943865,0.7996942974588016
c3010,hist_gradient_boosting,pooled_95pct_weight_cap,660,660,1.0,-0.050689500150058665,,,,,,,,,,,,0.7209840289657186,0.002835593028273076,0.5972555938755462,0.30349873443823494
c3010,history3,pooled_95pct_weight_cap,660,660,1.0,-0.1005139721402878,,,,,,,,,,,,0.7165016673852939,0.003292831274891046,0.6132757469463882,0.3289889077103393
c3010,last_observation,pooled_95pct_weight_cap,660,660,1.0,-0.03311981499362717,,,,,,,,,,,,0.7215415286664478,0.0010185730352009997,0.6185670465735544,0.3051867584226196
c3110,conditional_donor,pooled_95pct_weight_cap,660,660,1.0,0.0450204341512124,,,,,,,,,,,,0.6527218404271503,0.009609082457777364,0.5540675785548592,0.3975739147021967
c3110,country_previous,pooled_95pct_weight_cap,660,660,1.0,0.31211321547278226,,,,,,,,,,,,0.5358715996655262,0.2643390072612553,0.20002122037674236,0.5538510608322894
c3110,deepseek_demo,pooled_95pct_weight_cap,660,660,1.0,0.4553367865333126,,,,,,,,,,,,0.4958258276641955,0.1698365492803849,0.23930103296718014,0.6385026293409634
c3110,deepseek_history,pooled_95pct_weight_cap,660,660,1.0,0.11161979835891371,,,,,,,,,,,,0.7158719037963606,0.0073230922262607035,0.6535070309681215,0.3060944028077135
c3110,deepseek_history1,pooled_95pct_weight_cap,660,660,1.0,0.172317974530039,,,,,,,,,,,,0.6800018098221312,0.016123229882450282,0.5673225143092894,0.3797141685112185
c3110,deepseek_history_repeat,pooled_95pct_weight_cap,132,132,1.0,0.17810459660863345,,,,,,,,,,,,0.7293130028489404,0.021944796796918298,0.680119589835319,0.28396626595288194
c3110,deepseek_matched_history,pooled_95pct_weight_cap,660,660,1.0,0.09824381495739865,,,,,,,,,,,,0.36246857694418827,0.005099649057956837,0.18572219698592032,0.7674602685603998
c3110,deepseek_reversed_history,pooled_95pct_weight_cap,660,660,1.0,0.11290269312784931,,,,,,,,,,,,0.6719471387723006,0.007691375027244074,0.6101214040808547,0.35120499996635324
c3110,deepseek_shuffled_history,pooled_95pct_weight_cap,660,660,1.0,0.1229251181652178,,,,,,,,,,,,0.40523041544350374,0.007779318876957057,0.20313421511396607,0.7393835429396929
c3110,hist_gradient_boosting,pooled_95pct_weight_cap,660,660,1.0,0.03313961528124393,,,,,,,,,,,,0.763003032638046,0.0022462327871979933,0.7067182288747512,0.2558359268198513
c3110,history3,pooled_95pct_weight_cap,660,660,1.0,-0.025668279088548202,,,,,,,,,,,,0.7353722947286557,0.0007533715730869909,0.7252771271598747,0.2953082998237157
c3110,last_observation,pooled_95pct_weight_cap,660,660,1.0,0.04717792684590454,,,,,,,,,,,,0.7341737692960097,0.0012264917045046628,0.7025605448720486,0.2980933864141102
c6120,conditional_donor,pooled_95pct_weight_cap,595,595,1.0,-0.42938811958477496,3.67683545886479,8.302620973135733,1.0357347050824326,0.78,2.5,2.0,0.4021310433329571,0.25946896485088605,0.28626415482513884,0.7137165481652159,0.7262775167607569,,,,
c6120,country_previous,pooled_95pct_weight_cap,595,595,1.0,-0.7921690075193352,3.6257588581982616,7.941942591096406,3.1175763255966653,0.1,2.5,2.5,0.1458628742259804,0.25946896485088605,0.006302354975486819,0.7137165481652159,0.3628719525752624,,,,
c6120,deepseek_demo,pooled_95pct_weight_cap,595,595,1.0,-0.45784006867614685,3.724807975918701,8.064188716341596,2.942432194204209,0.20066728463932618,2.5,3.0,-0.040855649881589455,0.25946896485088605,0.004321523549310034,0.7137165481652159,0.8965791334308768,,,,
c6120,deepseek_history,pooled_95pct_weight_cap,593,595,0.9966386554621849,0.44270980184599495,2.907336893011842,7.231068793997696,1.1345758146621265,0.6,2.5,2.5,0.6021586138047904,0.2575283266844433,0.17773606222291582,0.712966312771044,0.8275882307352179,,,,
c6120,deepseek_history1,pooled_95pct_weight_cap,592,595,0.9949579831932773,0.5821337892696993,3.224096270255619,7.326821350744574,1.2637802387958543,0.5599999999999999,2.5,2.0,0.5553079923393042,0.2543126259637985,0.06305502896381882,0.7119461225088711,0.7821937852255254,,,,
c6120,deepseek_history_repeat,pooled_95pct_weight_cap,122,123,0.991869918699187,0.04237171461485445,3.5176579406363255,7.288494057149043,2.021706258796181,0.9518531893006806,2.2716163699260803,3.0,0.5489064470280773,0.27008421596786797,0.21840203376018413,0.6998054083814355,0.8730817575773544,,,,
c6120,deepseek_matched_history,pooled_95pct_weight_cap,578,595,0.9714285714285714,0.29973601245910036,4.921648964022483,9.891077641199812,1.1281724883857611,0.6192062968610588,2.5,2.0,0.041325317684055125,0.25692348791905717,0.18115222256958813,0.7089451120456485,0.8512974695377108,,,,
c6120,deepseek_reversed_history,pooled_95pct_weight_cap,593,595,0.9966386554621849,0.7100830873459274,3.1524149121754035,7.5671413932160005,0.8942483495348021,0.8,2.5,2.5,0.6289282417372261,0.25757395856165965,0.19598608221846173,0.7129839536945207,0.824766779339558,,,,
c6120,deepseek_shuffled_history,pooled_95pct_weight_cap,580,595,0.9747899159663865,0.46123226264220935,5.14967632016345,10.783783508789153,1.12047529010034,0.6,2.5,2.0,0.07794492347415702,0.26184984931662597,0.16784701111232783,0.7219373110602255,0.815856276884133,,,,
c6120,hist_gradient_boosting,pooled_95pct_weight_cap,595,595,1.0,0.02496845823253461,2.7529611469632025,6.864577944449599,1.3134791506947336,0.7664412060787988,2.5,2.356461580199099,0.7003894887561181,0.25946896485088605,0.0,0.7137165481652159,0.0,,,,
c6120,history3,pooled_95pct_weight_cap,595,595,1.0,0.4794778892333285,2.7349823838912006,6.606674534382123,0.7420883749813041,1.0,2.5,2.0255598374063832,0.6899455587854617,0.25946896485088605,0.2860493893586553,0.7137165481652159,0.7437308837046028,,,,
c6120,last_observation,pooled_95pct_weight_cap,595,595,1.0,0.476065953573502,3.074267403551869,6.811842131259486,0.7156073191071952,0.9,2.5,2.3,0.5737554232278097,0.25946896485088605,0.25587128494716693,0.7137165481652159,0.7089435843106853,,,,
c7010,conditional_donor,pooled_95pct_weight_cap,660,660,1.0,0.01655139449095905,,,,,,,,,,,,0.9253213384243726,0.00031624555462764144,0.8689345806733585,
c7010,country_previous,pooled_95pct_weight_cap,660,660,1.0,0.18046428800379427,,,,,,,,,,,,0.7940373428564204,0.0672062510745041,0.5139952795474181,
c7010,deepseek_demo,pooled_95pct_weight_cap,660,660,1.0,0.0062420080676412705,,,,,,,,,,,,0.7490202482397247,4.408564817738559e-05,0.605131306238782,
c7010,deepseek_history,pooled_95pct_weight_cap,660,660,1.0,0.01964076839876835,,,,,,,,,,,,0.9142803836140069,0.0004480872876585445,0.8489637595861825,
c7010,deepseek_history1,pooled_95pct_weight_cap,660,660,1.0,0.05507319945286406,,,,,,,,,,,,0.8759948777777332,0.0038092741518515006,0.7568797130711005,
c7010,deepseek_history_repeat,pooled_95pct_weight_cap,132,132,1.0,0.01376182113282909,,,,,,,,,,,,0.9158025615085671,0.0002680043247471888,0.8229753711298692,
c7010,deepseek_matched_history,pooled_95pct_weight_cap,660,660,1.0,0.03125704707349617,,,,,,,,,,,,0.708169997122493,0.0011625605472457396,0.5186934998988222,
c7010,deepseek_reversed_history,pooled_95pct_weight_cap,660,660,1.0,0.009119860989840075,,,,,,,,,,,,0.9262301145583755,9.462688367673197e-05,0.877207934446331,
c7010,deepseek_shuffled_history,pooled_95pct_weight_cap,660,660,1.0,0.046675257985016795,,,,,,,,,,,,0.7132995466744834,0.002682521323429106,0.5124043542520332,
c7010,hist_gradient_boosting,pooled_95pct_weight_cap,660,660,1.0,-0.0003000472502128602,,,,,,,,,,,,0.9315337204546947,1.0062575963565814e-07,0.8941313971231216,
c7010,history3,pooled_95pct_weight_cap,660,660,1.0,-0.00984431831703774,,,,,,,,,,,,0.941705766878906,0.00010646617174621848,0.9187174524555193,
c7010,last_observation,pooled_95pct_weight_cap,660,660,1.0,0.0036824728820695203,,,,,,,,,,,,0.913422386055346,1.5269622240683955e-05,0.8623741186877236,
